current_url,page_post_title,content_type,publication_date,updated_date,author,current_category,current_tags,canonical_url,meta_title,meta_description,featured_image,status_code,proposed_new_content_type,proposed_primary_topic,proposed_new_url,migration_action,migration_notes
https://jackskeen.com/,Home page,page,2022-10-21T08:22:04,2026-04-24T00:47:36,fernando,,,https://jackskeen.com/,Jack Skeen,,,200,page,,/,UPDATE,"Replace with the approved new homepage while preserving the URL. Discovered via wordpress-sitemap,wordpress-rest,firecrawl-map. 591 words. Legacy markup: elementor-widget-wrap; elementor-widget-shortcode; elementor-widget-container; elementor-widget-thim-heading; elementor-widget-wp-widget-text; elementor-widget-button; elementor-widget-thim-round-slider; elementor-widget-text-editor; elementor-widget-html; elementor-widget-image-box; elementor-widget-divider--view-line; elementor-widget-divider; elementor-widget-heading; elementor-widget-star-rating; elementor-widget-icon-list; elementor-widget-thim-list-post. Unsupported embeds: https://embed-v2.testimonial.to/v/4e0bb33d-ccbf-4f51-9844-8ca2701ebf85; https://embed-v2.testimonial.to/w/the-roadmap?theme=light&card=large&loadMore=on&initialCount=20&tag=all. Manual review: strategic page; unsupported external embed."
https://jackskeen.com/100-percent-love-is-it-possible/,100 Percent Love. Is it Possible?,post,2024-12-16T14:27:49,2024-12-16T14:29:23,Jack Skeen,Blog,,https://jackskeen.com/100-percent-love-is-it-possible/,100 Percent Love. Is it Possible? – Jack Skeen,,https://jackskeen.com/wp-content/uploads/2024/12/image.jpg,200,article,Relationships,/100-percent-love-is-it-possible/,KEEP,"Preserve the existing root-level article URL. Discovered via wordpress-sitemap,wordpress-rest,firecrawl-map. 654 words."
https://jackskeen.com/about-jack-skeen/,About Jack Skeen,page,2023-08-31T04:08:37,2023-09-01T03:17:59,Jack Skeen,,,https://jackskeen.com/about-jack-skeen/,About Jack Skeen – Jack Skeen,,,200,redirect only,,/about,REDIRECT,"Equivalent route exists in the approved sitemap. Discovered via wordpress-sitemap,wordpress-rest,firecrawl-map. 341 words. Legacy markup: elementor-widget-wrap; elementor-widget-image; elementor-widget-container; elementor-widget-text-editor. Suspicious external links: https://jack-skeen-development.local/about-tcb/. Manual review: redirect; suspicious external link."
https://jackskeen.com/about-tcb/,The Circle Blueprint,page,2016-04-20T17:49:46,2024-07-26T03:47:36,Jack Skeen,,,https://jackskeen.com/about-tcb/,The Circle Blueprint – Jack Skeen,,,200,book/topic page,,/books/circle-blueprint,CONSOLIDATE,"Review for unique content, then consolidate into the approved Circle Blueprint destination. Discovered via wordpress-sitemap,wordpress-rest,firecrawl-map. 415 words. Manual review: strategic page; consolidate."
https://jackskeen.com/accountability/,Accountability,post,2019-04-10T09:00:52,2019-04-10T09:00:52,Jack Skeen,Blog,Company Improvement | Executive Leadership Development | Human Resource Professional Development | Improving Employee Satisfaction | Increasing Return on Employee Investment | Leadership Coaching | Life Coach | Personal Growth Coach | Professional development | Reducing Turnover within my company | Self Help,https://jackskeen.com/accountability/,Accountability – Jack Skeen,,,200,article,Personal Growth,/accountability/,KEEP,"Preserve the existing root-level article URL. Discovered via wordpress-sitemap,wordpress-rest,firecrawl-map. 373 words."
https://jackskeen.com/all-testimonials/,All Testimonials,page,2023-08-31T20:49:31,2024-07-26T02:56:55,Jack Skeen,,,https://jackskeen.com/all-testimonials/,All Testimonials – Jack Skeen,,,200,redirect only,,/success-stories,REDIRECT,"Equivalent route exists in the approved sitemap. Discovered via wordpress-sitemap,wordpress-rest,firecrawl-map. 14 words. Legacy markup: elementor-widget-wrap; elementor-widget-thim-heading; elementor-widget-container; elementor-widget-html; elementor-widget-button. Unsupported embeds: https://embed-v2.testimonial.to/w/the-roadmap?theme=light&card=base&loadMore=on&initialCount=20&tag=all&autoLoadMore. Manual review: strategic page; redirect; unsupported external embed."
https://jackskeen.com/allies-or-enemies/,Allies or Enemies?,post,2025-02-25T15:45:08,2025-02-25T15:45:11,Jack Skeen,Blog,,https://jackskeen.com/allies-or-enemies/,Allies or Enemies? – Jack Skeen,,https://jackskeen.com/wp-content/uploads/2025/02/image-7.jpg,200,article,Relationships,/civility-allies-or-enemies/,CONSOLIDATE,"Content analysis found a near-identical older article; preserve the older URL unless traffic/backlink evidence favors the newer URL. Discovered via wordpress-sitemap,wordpress-rest,firecrawl-map. 359 words. Manual review: consolidate."
https://jackskeen.com/are-you-as-happy-as-you-want-to-be/,Are You as Happy as You Want to be?,post,2022-02-25T10:40:50,2022-02-25T10:40:50,Jack Skeen,Blog,Leadership Coaching | Life Coach | Personal Growth Coach,https://jackskeen.com/are-you-as-happy-as-you-want-to-be/,Are You as Happy as You Want to be? – Jack Skeen,,,200,article,Success & Fulfillment,/are-you-as-happy-as-you-want-to-be/,KEEP,"Preserve the existing root-level article URL. Discovered via wordpress-sitemap,wordpress-rest,firecrawl-map. 325 words."
https://jackskeen.com/are-you-crisis-prone/,Are You Crisis-Prone?,post,2024-09-19T16:33:42,2024-09-19T16:46:17,Jack Skeen,Blog,,https://jackskeen.com/are-you-crisis-prone/,Are You Crisis-Prone? – Jack Skeen,,https://jackskeen.com/wp-content/uploads/2024/09/pherux_A_realistic_image_of_two_photos_on_the_left_a_man_worr_5460a6f3-0b70-4d71-8ecf-e7f35c1cf359_2.png,200,article,Personal Growth,/are-you-crisis-prone/,KEEP,"Preserve the existing root-level article URL. Discovered via wordpress-sitemap,wordpress-rest,firecrawl-map. 1319 words. Manual review: substantial content / potential SEO value."
https://jackskeen.com/are-you-living-below-the-line/,Are you living “below the line”?,post,2021-07-18T13:01:55,2021-07-18T13:01:55,Jack Skeen,Blog,Company Improvement | Executive Leadership Development | Leadership Coaching,https://jackskeen.com/are-you-living-below-the-line/,Are you living “below the line”? – Jack Skeen,,,200,article,Personal Growth,/are-you-living-below-the-line/,KEEP,"Preserve the existing root-level article URL. Discovered via wordpress-sitemap,wordpress-rest,firecrawl-map. 339 words."
https://jackskeen.com/are-you-thriving-2/,Are You Thriving?,post,2022-03-29T21:31:41,2022-03-29T21:31:41,Jack Skeen,Blog,Company Improvement | Executive Leadership Development | Life Coach,https://jackskeen.com/are-you-thriving-2/,Are You Thriving? – Jack Skeen,,,200,article,Success & Fulfillment,/are-you-thriving-2/,KEEP,"Preserve the existing root-level article URL. Discovered via wordpress-sitemap,wordpress-rest,firecrawl-map. 255 words. Manual review: title/slug collision."
https://jackskeen.com/are-you-thriving/,Are You Thriving?,post,2021-05-04T17:20:46,2021-05-04T17:20:46,Jack Skeen,Blog,Personal Growth Coach | Professional development | Self Help,https://jackskeen.com/are-you-thriving/,Are You Thriving? – Jack Skeen,,,200,article,Success & Fulfillment,/are-you-thriving/,KEEP,"Preserve the existing root-level article URL. Discovered via wordpress-sitemap,wordpress-rest,firecrawl-map. 427 words. Manual review: title/slug collision."
https://jackskeen.com/authenticity-the-new-currency-in-a-world-of-illusions/,Authenticity: The New Currency in a World of Illusions,post,2025-01-20T15:23:35,2025-01-20T15:47:24,Jack Skeen,Blog,,https://jackskeen.com/authenticity-the-new-currency-in-a-world-of-illusions/,Authenticity: The New Currency in a World of Illusions – Jack Skeen,,https://jackskeen.com/wp-content/uploads/2025/01/Untitled-design-4.png,200,article,Personal Growth,/authenticity-the-new-currency-in-a-world-of-illusions/,KEEP,"Preserve the existing root-level article URL. Discovered via wordpress-sitemap,wordpress-rest,firecrawl-map. 815 words."
https://jackskeen.com/author/fernando/,fernando,author archive,,,,,,https://jackskeen.com/author/fernando/,fernando – Jack Skeen,,,200,none,,,REMOVE,"Thin legacy taxonomy/archive page with no approved equivalent; do not recreate it. Discovered via wordpress-sitemap,firecrawl-map. 17 words."
https://jackskeen.com/author/jack/,Jack Skeen,author archive,,,,,,https://jackskeen.com/author/jack/,Jack Skeen – Jack Skeen,,,200,none,,,REMOVE,"Thin legacy taxonomy/archive page with no approved equivalent; do not recreate it. Discovered via wordpress-sitemap,firecrawl-map. 576 words."
https://jackskeen.com/autonomy/,Autonomy,post,2019-05-08T09:00:03,2019-05-08T09:00:03,Jack Skeen,Blog,Company Improvement | Executive Leadership Development | Human Resource Professional Development | Improving Employee Satisfaction | Increasing Return on Employee Investment | Leadership Coaching | Life Coach | Personal Growth Coach | Professional development | Reducing Turnover within my company | Self Help,https://jackskeen.com/autonomy/,Autonomy – Jack Skeen,,,200,article,Circle Blueprint,/autonomy/,KEEP,"Preserve the existing root-level article URL. Discovered via wordpress-sitemap,wordpress-rest,firecrawl-map. 307 words. Suspicious external links: https://affiliatelabz.com/special/?source=circleblueprinttraining.com. Manual review: suspicious external link."
https://jackskeen.com/becoming-aware-of-yourself-independence-is-the-first-step-toward-greatness/,Becoming Aware of Yourself:  Independence is the First Step Toward Greatness,post,2022-09-11T20:32:36,2022-09-11T20:32:36,Jack Skeen,Blog,Executive Leadership Development | Leadership Coaching | Personal Growth Coach,https://jackskeen.com/becoming-aware-of-yourself-independence-is-the-first-step-toward-greatness/,Becoming Aware of Yourself: Independence is the First Step Toward Greatness – Jack Skeen,,,200,article,Circle Blueprint,/becoming-aware-of-yourself-independence-is-the-first-step-toward-greatness/,KEEP,"Preserve the existing root-level article URL. Discovered via wordpress-sitemap,wordpress-rest,firecrawl-map. 316 words."
https://jackskeen.com/being-a-plow-horse-or-a-reservoir/,Being a Plow Horse or a Reservoir,post,2025-03-07T15:22:04,2025-03-27T16:44:50,Jack Skeen,Blog,,https://jackskeen.com/being-a-plow-horse-or-a-reservoir/,Being a Plow Horse or a Reservoir – Jack Skeen,,https://jackskeen.com/wp-content/uploads/2025/03/image-8.jpg,200,article,Relationships,/being-a-plow-horse-or-a-reservoir/,KEEP,"Preserve the existing root-level article URL. Discovered via wordpress-sitemap,wordpress-rest,firecrawl-map. 419 words."
https://jackskeen.com/big-and-little-self/,Big and Little Self,post,2019-04-17T09:00:50,2019-04-17T09:00:50,Jack Skeen,Blog,Company Improvement | Executive Leadership Development | Human Resource Professional Development | Improving Employee Satisfaction | Increasing Return on Employee Investment | Leadership Coaching | Life Coach | Personal Growth Coach | Professional development | Reducing Turnover within my company | Self Help,https://jackskeen.com/big-and-little-self/,Big and Little Self – Jack Skeen,,,200,article,Circle Blueprint,/big-and-little-self/,KEEP,"Preserve the existing root-level article URL. Discovered via wordpress-sitemap,wordpress-rest,firecrawl-map. 305 words."
https://jackskeen.com/blog/,Blog,page,2016-04-06T08:08:15,2023-10-31T21:15:30,Jack Skeen,,,https://jackskeen.com/blog/,Blog – Jack Skeen,,,200,redirect only,,/insights/articles,REDIRECT,"Equivalent route exists in the approved sitemap. Discovered via wordpress-sitemap,wordpress-rest,firecrawl-map. 576 words. Manual review: redirect."
https://jackskeen.com/boiled-frog/,Boiled Frog,post,2019-01-21T04:35:16,2023-08-30T22:09:02,Jack Skeen,Video,,https://jackskeen.com/boiled-frog/,Boiled Frog – Jack Skeen,,,200,article,Personal Growth,/boiled-frog/,UPDATE,"Preserve the article URL but review thin content before launch. Discovered via wordpress-sitemap,wordpress-rest,firecrawl-map. 43 words."
https://jackskeen.com/breaking-through-upper-limits/,Breaking Through Upper Limits,post,2021-02-09T17:55:16,2021-02-09T17:55:16,Jack Skeen,Blog,Executive Leadership Development | Leadership Coaching,https://jackskeen.com/breaking-through-upper-limits/,Breaking Through Upper Limits – Jack Skeen,,,200,article,Personal Growth,/breaking-through-upper-limits/,UPDATE,"Preserve the article URL but review thin content before launch. Discovered via wordpress-sitemap,wordpress-rest,firecrawl-map. 225 words."
https://jackskeen.com/category/blog/,Blog,category archive,,,,,,https://jackskeen.com/category/blog/,Blog – Jack Skeen,,,200,redirect only,,/insights/articles,REDIRECT,"Equivalent route exists in the approved sitemap. Discovered via wordpress-sitemap,firecrawl-map. 576 words. Manual review: redirect."
https://jackskeen.com/category/video/,Video,category archive,,,,,,https://jackskeen.com/category/video/,Video – Jack Skeen,,,200,redirect only,,/insights/videos,REDIRECT,"Equivalent route exists in the approved sitemap. Discovered via wordpress-sitemap,firecrawl-map. 127 words. Manual review: redirect."
https://jackskeen.com/choosing-to-expand-your-circle/,Choosing to Expand Your Circle,post,2019-03-06T09:00:24,2019-03-06T09:00:24,Jack Skeen,Blog,Company Improvement | Executive Leadership Development | Human Resource Professional Development | Improving Employee Satisfaction | Increasing Return on Employee Investment | Leadership Coaching | Life Coach | Personal Growth Coach | Professional development | Reducing Turnover within my company | Self Help,https://jackskeen.com/choosing-to-expand-your-circle/,Choosing to Expand Your Circle – Jack Skeen,,,200,article,Circle Blueprint,/choosing-to-expand-your-circle/,KEEP,"Preserve the existing root-level article URL. Discovered via wordpress-sitemap,wordpress-rest,firecrawl-map. 318 words."
https://jackskeen.com/civility-allies-or-enemies/,Civility: Allies or Enemies?,post,2020-01-02T21:53:48,2020-01-02T21:53:48,Jack Skeen,Blog,Civility,https://jackskeen.com/civility-allies-or-enemies/,Civility: Allies or Enemies? – Jack Skeen,,,200,article,Relationships,/civility-allies-or-enemies/,KEEP,"Preserve the existing root-level article URL. Discovered via wordpress-sitemap,wordpress-rest,firecrawl-map. 315 words."
https://jackskeen.com/civility-and-getting-past-the-need-to-be-right/,Civility and Getting Past the Need to be Right,post,2020-06-22T20:42:19,2020-06-22T20:42:19,Jack Skeen,Blog,Civility | ego | leadership,https://jackskeen.com/civility-and-getting-past-the-need-to-be-right/,Civility and Getting Past the Need to be Right – Jack Skeen,,,200,article,Relationships,/civility-and-getting-past-the-need-to-be-right/,UPDATE,"Preserve the article URL but review thin content before launch. Discovered via wordpress-sitemap,wordpress-rest,firecrawl-map. 228 words."
https://jackskeen.com/civility-and-grace/,Civility and Grace,post,2020-09-24T19:13:26,2020-09-24T19:13:26,Jack Skeen,Blog,Civility,https://jackskeen.com/civility-and-grace/,Civility and Grace – Jack Skeen,,,200,article,Relationships,/civility-and-grace/,UPDATE,"Preserve the article URL but review thin content before launch. Discovered via wordpress-sitemap,wordpress-rest,firecrawl-map. 185 words."
https://jackskeen.com/civility-and-identity/,Civility and Identity,post,2020-10-23T14:35:14,2020-10-23T14:35:14,Jack Skeen,Blog,Civility,https://jackskeen.com/civility-and-identity/,Civility and Identity – Jack Skeen,,,200,article,Relationships,/civility-and-identity/,UPDATE,"Preserve the article URL but review thin content before launch. Discovered via wordpress-sitemap,wordpress-rest,firecrawl-map. 197 words. Suspicious external links: https://israelnightclub.com/%D7%9C%D7%99%D7%95%D7%95%D7%99/. Manual review: suspicious external link."
https://jackskeen.com/civility-and-taking-radical-responsibility/,Civility and Taking Radical Responsibility,post,2020-07-04T21:30:59,2020-07-04T21:30:59,Jack Skeen,Blog,Civility | responsibility,https://jackskeen.com/civility-and-taking-radical-responsibility/,Civility and Taking Radical Responsibility – Jack Skeen,,,200,article,Relationships,/civility-and-taking-radical-responsibility/,UPDATE,"Preserve the article URL but review thin content before launch. Discovered via wordpress-sitemap,wordpress-rest,firecrawl-map. 227 words."
https://jackskeen.com/civility-being-a-plow-horse-or-a-reservoir/,Civility: Being a Plow Horse or a Reservoir,post,2020-01-16T21:50:45,2020-01-16T21:50:45,Jack Skeen,Blog,Civility,https://jackskeen.com/civility-being-a-plow-horse-or-a-reservoir/,Civility: Being a Plow Horse or a Reservoir – Jack Skeen,,,200,article,Relationships,/civility-being-a-plow-horse-or-a-reservoir/,KEEP,"Preserve the existing root-level article URL. Discovered via wordpress-sitemap,wordpress-rest,firecrawl-map. 435 words."
https://jackskeen.com/civility-christmas-civility-on-steroids/,Civility Christmas: Civility on Steroids,post,2019-12-18T21:56:18,2019-12-18T21:56:18,Jack Skeen,Blog,Christmas | Civility,https://jackskeen.com/civility-christmas-civility-on-steroids/,Civility Christmas: Civility on Steroids – Jack Skeen,,,200,article,Reflections,/civility-christmas-civility-on-steroids/,UPDATE,"Preserve the article URL but review thin content before launch. Discovered via wordpress-sitemap,wordpress-rest,firecrawl-map. 232 words."
https://jackskeen.com/civility-lesson/,Civility Lesson,post,2019-10-23T22:03:56,2019-10-23T22:03:56,Jack Skeen,Blog,Civility,https://jackskeen.com/civility-lesson/,Civility Lesson – Jack Skeen,,,200,article,Relationships,/civility-lesson/,UPDATE,"Preserve the article URL but review thin content before launch. Discovered via wordpress-sitemap,wordpress-rest,firecrawl-map. 235 words."
https://jackskeen.com/civility-listening/,Civility: Listening,post,2019-11-20T22:00:24,2019-11-20T22:00:24,Jack Skeen,Blog,Civility | Leadership Coaching | listening,https://jackskeen.com/civility-listening/,Civility: Listening – Jack Skeen,,,200,article,Relationships,/civility-listening/,KEEP,"Preserve the existing root-level article URL. Discovered via wordpress-sitemap,wordpress-rest,firecrawl-map. 397 words."
https://jackskeen.com/civility-loner-of-lover/,Civility: Loner of Lover,post,2020-01-30T21:48:45,2020-01-30T21:48:45,Jack Skeen,Blog,Civility | community | Leadership Coaching,https://jackskeen.com/civility-loner-of-lover/,Civility: Loner of Lover – Jack Skeen,,,200,article,Relationships,/civility-loner-of-lover/,KEEP,"Preserve the existing root-level article URL. Discovered via wordpress-sitemap,wordpress-rest,firecrawl-map. 391 words."
https://jackskeen.com/civility-the-power-of-seeing-others/,Civility: The Power of Seeing Others,post,2025-01-27T15:24:31,2025-01-27T15:26:21,Jack Skeen,Blog,,https://jackskeen.com/civility-the-power-of-seeing-others/,Civility: The Power of Seeing Others – Jack Skeen,,https://jackskeen.com/wp-content/uploads/2025/01/image-5.jpg,200,article,Relationships,/civility-the-power-of-seeing-others/,KEEP,"Preserve the existing root-level article URL. Discovered via wordpress-sitemap,wordpress-rest,firecrawl-map. 493 words."
https://jackskeen.com/civility-who-are-you-being/,Civility: Who Are You BEING?,post,2019-11-05T22:02:19,2019-11-05T22:02:19,Jack Skeen,Blog,Being | Civility | Leadership Coaching,https://jackskeen.com/civility-who-are-you-being/,Civility: Who Are You BEING? – Jack Skeen,,,200,article,Relationships,/civility-who-are-you-being/,KEEP,"Preserve the existing root-level article URL. Discovered via wordpress-sitemap,wordpress-rest,firecrawl-map. 287 words."
https://jackskeen.com/community-2/,Community: The Value of Ritual,post,2020-02-26T21:18:18,2020-02-26T21:18:18,Jack Skeen,Blog,community | family | ritual,https://jackskeen.com/community-2/,Community: The Value of Ritual – Jack Skeen,,,200,article,Relationships,/community-2/,KEEP,"Preserve the existing root-level article URL. Discovered via wordpress-sitemap,wordpress-rest,firecrawl-map. 276 words. Manual review: title/slug collision."
https://jackskeen.com/community-intentionality/,Community: Intentionality,post,2020-02-12T21:45:29,2020-02-12T21:45:29,Jack Skeen,Blog,Civility | community | intentionality,https://jackskeen.com/community-intentionality/,Community: Intentionality – Jack Skeen,,,200,article,Relationships,/community-intentionality/,KEEP,"Preserve the existing root-level article URL. Discovered via wordpress-sitemap,wordpress-rest,firecrawl-map. 308 words."
https://jackskeen.com/community-lets-get-creative/,Community: Let’s Get Creative,post,2020-03-11T21:41:47,2020-03-11T21:41:47,Jack Skeen,Blog,Civility | community | creativity | Leadership Coaching,https://jackskeen.com/community-lets-get-creative/,Community: Let’s Get Creative – Jack Skeen,,,200,article,Relationships,/community-lets-get-creative/,KEEP,"Preserve the existing root-level article URL. Discovered via wordpress-sitemap,wordpress-rest,firecrawl-map. 391 words."
https://jackskeen.com/community/,Community,page,2020-09-03T21:01:45,2024-09-21T22:45:45,Jack Skeen,,,https://jackskeen.com/community/,Community – Jack Skeen,,,200,page,,/community/,UPDATE,"Preserve provisionally; map into the approved architecture after manual content review. Discovered via wordpress-sitemap,wordpress-rest,firecrawl-map. 118 words. Legacy markup: elementor-widget-wrap; elementor-widget-thim-heading; elementor-widget-container; elementor-widget-text-editor; elementor-widget-image; elementor-widget-button. Manual review: title/slug collision."
https://jackskeen.com/contact/,Contact,page,2015-10-22T03:17:26,2026-05-01T15:56:03,Jack Skeen,,,https://jackskeen.com/contact/,Contact – Jack Skeen,,,200,page,,/contact/,UPDATE,"Preserve provisionally; map into the approved architecture after manual content review. Discovered via wordpress-sitemap,wordpress-rest,firecrawl-map. 38 words. Legacy markup: elementor-widget-wrap; elementor-widget-thim-heading; elementor-widget-container; elementor-widget-text-editor; elementor-widget-html; elementor-widget-image. Manual review: strategic page."
https://jackskeen.com/control-in-difficult-times/,What Can You Control?,post,2020-04-09T20:58:01,2020-04-09T20:58:01,Jack Skeen,Blog,Coaching | control | Executive Leadership Development | Leadership Coaching,https://jackskeen.com/control-in-difficult-times/,What Can You Control? – Jack Skeen,,,200,article,Personal Growth,/control-in-difficult-times/,UPDATE,"Preserve the article URL but review thin content before launch. Discovered via wordpress-sitemap,wordpress-rest,firecrawl-map. 224 words. Suspicious external links: https://www.filmmodu.org/. Manual review: suspicious external link."
https://jackskeen.com/corporate-solutions/,Corporate Solutions,post,2019-01-21T04:35:05,2023-08-30T23:09:42,Jack Skeen,Video,,https://jackskeen.com/corporate-solutions/,Corporate Solutions – Jack Skeen,,,200,redirect only,Leadership,/work-with-jack/corporate,REDIRECT,"Equivalent route exists in the approved sitemap. Discovered via wordpress-sitemap,wordpress-rest,firecrawl-map. 43 words. Manual review: strategic page; redirect."
https://jackskeen.com/cost-of-pleasing/,Cost of Pleasing,post,2019-01-21T04:33:25,2023-08-31T04:28:22,Jack Skeen,Video,,https://jackskeen.com/cost-of-pleasing/,Cost of Pleasing – Jack Skeen,,https://jackskeen.com/wp-content/uploads/2019/01/video2.jpg,200,article,Personal Growth,/cost-of-pleasing/,UPDATE,"Preserve the article URL but review thin content before launch. Discovered via wordpress-sitemap,wordpress-rest,firecrawl-map. 38 words."
https://jackskeen.com/courses-2/,All Courses,page,2023-08-31T00:02:27,2023-08-31T00:02:27,fernando,,,https://jackskeen.com/courses-2/,All Courses - Jack Skeen,,,200,none,,,REMOVE,"Legacy utility/plugin page is outside the approved public architecture. Discovered via wordpress-sitemap,wordpress-rest,firecrawl-map. No readable body text detected."
https://jackskeen.com/discovering-your-unique-gift-to-the-world/,Discovering Your Unique Gift to the World,post,2024-12-06T15:18:01,2024-12-06T15:24:28,Jack Skeen,Blog,,https://jackskeen.com/discovering-your-unique-gift-to-the-world/,Discovering Your Unique Gift to the World – Jack Skeen,,https://jackskeen.com/wp-content/uploads/2024/12/ec78c459-859e-4644-a3f2-b5c1f812d7aa.jpg,200,article,Your Genius,/discovering-your-unique-gift-to-the-world/,KEEP,"Preserve the existing root-level article URL. Discovered via wordpress-sitemap,wordpress-rest,firecrawl-map. 998 words. Manual review: substantial content / potential SEO value."
https://jackskeen.com/do-i-need-a-coach/,Do I need a coach?,post,2021-01-27T00:48:22,2021-01-27T00:48:22,Jack Skeen,Blog,Company Improvement | Executive Leadership Development,https://jackskeen.com/do-i-need-a-coach/,Do I need a coach? – Jack Skeen,,,200,article,Personal Growth,/do-i-need-a-coach/,KEEP,"Preserve the existing root-level article URL. Discovered via wordpress-sitemap,wordpress-rest,firecrawl-map. 263 words."
https://jackskeen.com/drama-the-great-energy-waster/,Drama: The Great Energy Waster,post,2021-09-22T11:44:37,2021-09-22T11:44:37,Jack Skeen,Blog,Civility | Executive Leadership Development | Human Resource Professional Development,https://jackskeen.com/drama-the-great-energy-waster/,Drama: The Great Energy Waster – Jack Skeen,,,200,article,Personal Growth,/drama-the-great-energy-waster/,KEEP,"Preserve the existing root-level article URL. Discovered via wordpress-sitemap,wordpress-rest,firecrawl-map. 361 words."
https://jackskeen.com/drama-triangle/,Understanding the Drama Triangle,post,2025-01-13T21:38:54,2025-01-13T21:54:43,Jack Skeen,Blog,,https://jackskeen.com/drama-triangle/,Understanding the Drama Triangle – Jack Skeen,,https://jackskeen.com/wp-content/uploads/2025/01/drama.png,200,article,Personal Growth,/drama-triangle/,KEEP,"Preserve the existing root-level article URL. Discovered via wordpress-sitemap,wordpress-rest,firecrawl-map. 968 words. Manual review: substantial content / potential SEO value."
https://jackskeen.com/embracing-gratitude-a-thanksgiving-reflection/,Embracing Gratitude: A Thanksgiving Reflection,post,2023-11-21T16:38:38,2023-11-21T16:38:39,Jack Skeen,Blog,,https://jackskeen.com/embracing-gratitude-a-thanksgiving-reflection/,Embracing Gratitude: A Thanksgiving Reflection – Jack Skeen,,https://jackskeen.com/wp-content/uploads/2023/11/Embracing-Gratitude.png,200,article,Reflections,/embracing-gratitude-a-thanksgiving-reflection/,KEEP,"Preserve the existing root-level article URL. Discovered via wordpress-sitemap,wordpress-rest,firecrawl-map. 1005 words. Manual review: substantial content / potential SEO value."
https://jackskeen.com/embracing-stillness-a-path-to-inner-transformation/,Embracing Stillness: A Path to Inner Transformation,post,2024-09-05T14:14:45,2024-09-05T14:15:13,Jack Skeen,Blog,,https://jackskeen.com/embracing-stillness-a-path-to-inner-transformation/,Embracing Stillness: A Path to Inner Transformation – Jack Skeen,,https://jackskeen.com/wp-content/uploads/2024/09/pherux_A_realistic_photo_capturing_a_businessman_in_a_suit._M_9a70ddbf-7c23-4f66-b88e-0162f0b925e7_0.png,200,article,Personal Growth,/embracing-stillness-a-path-to-inner-transformation/,KEEP,"Preserve the existing root-level article URL. Discovered via wordpress-sitemap,wordpress-rest,firecrawl-map. 707 words."
https://jackskeen.com/entitlements-we-all-have-them/,Entitlements: We All Have Them!,post,2021-08-28T12:48:13,2021-08-28T12:48:13,Jack Skeen,Blog,Executive Leadership Development | Human Resource Professional Development | Professional development,https://jackskeen.com/entitlements-we-all-have-them/,Entitlements: We All Have Them! – Jack Skeen,,,200,article,Personal Growth,/entitlements-we-all-have-them/,KEEP,"Preserve the existing root-level article URL. Discovered via wordpress-sitemap,wordpress-rest,firecrawl-map. 377 words."
https://jackskeen.com/escaping-the-drama-trap-battling-the-imaginary-bear/,Escaping the Drama Trap: Battling the Imaginary Bear,post,2024-09-30T19:48:45,2024-09-30T19:48:47,Jack Skeen,Blog,,https://jackskeen.com/escaping-the-drama-trap-battling-the-imaginary-bear/,Escaping the Drama Trap: Battling the Imaginary Bear – Jack Skeen,,https://jackskeen.com/wp-content/uploads/2024/09/pherux_A_realistic_image_man_dreaming_about_a_menacing_bear_a_bdda507f-15cc-48a2-85f2-c9ec77370573_2.png,200,article,Personal Growth,/escaping-the-drama-trap-battling-the-imaginary-bear/,KEEP,"Preserve the existing root-level article URL. Discovered via wordpress-sitemap,wordpress-rest,firecrawl-map. 920 words. Manual review: substantial content / potential SEO value."
https://jackskeen.com/events/annual-executive-coaching-conference/,Annual Executive Coaching Conference,event,,,,,,https://jackskeen.com/events/annual-executive-coaching-conference/,Annual Executive Coaching Conference – Jack Skeen,,,200,none,,,REMOVE,"Legacy/demo custom-post content is outside the approved sitemap; verify before returning 404/410. Discovered via wordpress-sitemap,firecrawl-map. 228 words."
https://jackskeen.com/events/capital-coaches-conference/,Capital Coaches Conference,event,,,,,,https://jackskeen.com/events/capital-coaches-conference/,Capital Coaches Conference – Jack Skeen,,,200,none,,,REMOVE,"Legacy/demo custom-post content is outside the approved sitemap; verify before returning 404/410. Discovered via wordpress-sitemap,firecrawl-map. 219 words."
https://jackskeen.com/events/global-mentoring-coaching-and-supervision-conference/,"Global Mentoring, Coaching and Supervision Conference",event,,,,,,https://jackskeen.com/events/global-mentoring-coaching-and-supervision-conference/,"Global Mentoring, Coaching and Supervision Conference – Jack Skeen",,,200,none,,,REMOVE,"Legacy/demo custom-post content is outside the approved sitemap; verify before returning 404/410. Discovered via wordpress-sitemap,firecrawl-map. 220 words."
https://jackskeen.com/events/spring-summit-rising-awareness/,Spring Summit: Rising Awareness,event,,,,,,https://jackskeen.com/events/spring-summit-rising-awareness/,Spring Summit: Rising Awareness – Jack Skeen,,,200,none,,,REMOVE,"Legacy/demo custom-post content is outside the approved sitemap; verify before returning 404/410. Discovered via wordpress-sitemap,firecrawl-map. 225 words."
https://jackskeen.com/executive-coaching/,Executive Coaching,page,2023-08-31T00:22:55,2023-09-08T15:51:07,Jack Skeen,,,https://jackskeen.com/executive-coaching/,Executive Coaching – Jack Skeen,,,200,redirect only,,/work-with-jack/executive-coaching,REDIRECT,"Equivalent route exists in the approved sitemap. Discovered via wordpress-sitemap,wordpress-rest,firecrawl-map. 1001 words. Legacy markup: elementor-widget-wrap; elementor-widget-thim-ekits-heading; elementor-widget-container; elementor-widget-text-editor; elementor-widget-video; elementor-widget-thim-ekits-accordion; elementor-widget-thim-ekits-button. Manual review: strategic page; redirect; substantial content / potential SEO value."
https://jackskeen.com/expanding-your-circle/,Expanding Your Circle,post,2022-08-07T19:41:59,2022-08-07T19:41:59,Jack Skeen,Blog,Executive Leadership Development | Leadership Coaching | Personal Growth Coach,https://jackskeen.com/expanding-your-circle/,Expanding Your Circle – Jack Skeen,,,200,article,Circle Blueprint,/expanding-your-circle/,KEEP,"Preserve the existing root-level article URL. Discovered via wordpress-sitemap,wordpress-rest,firecrawl-map. 495 words."
https://jackskeen.com/facts-versus-stories/,Facts versus Stories,post,2021-10-09T15:48:06,2021-10-09T15:48:06,Jack Skeen,Blog,Executive Leadership Development | Leadership Coaching | Personal Growth Coach,https://jackskeen.com/facts-versus-stories/,Facts versus Stories – Jack Skeen,,,200,article,Personal Growth,/facts-versus-stories/,KEEP,"Preserve the existing root-level article URL. Discovered via wordpress-sitemap,wordpress-rest,firecrawl-map. 442 words."
https://jackskeen.com/faqs/,FAQs,page,2015-10-22T03:26:46,2026-07-08T16:00:46,fernando,,,https://jackskeen.com/faqs/,FAQs – Jack Skeen,,,200,page,,/roadmap/faq,CONSOLIDATE,"Review FAQ relevance, then consolidate approved Roadmap questions into the dedicated route. Discovered via wordpress-sitemap,wordpress-rest,firecrawl-map. 1186 words. Legacy markup: elementor-widget-wrap; elementor-widget-thim-heading; elementor-widget-container. Manual review: strategic page; consolidate; substantial content / potential SEO value."
https://jackskeen.com/feeding-the-fire-within/,Feeding the Fire Within,post,2024-05-03T12:52:15,2024-05-03T13:24:29,Jack Skeen,Blog,Executive Leadership Development | Leadership Coaching | Life Coach | Personal Growth Coach,https://jackskeen.com/feeding-the-fire-within/,Feeding the Fire Within – Jack Skeen,,https://jackskeen.com/wp-content/uploads/2024/05/Feeding-the-Fire-Within.png,200,article,Purpose,/feeding-the-fire-within/,KEEP,"Preserve the existing root-level article URL. Discovered via wordpress-sitemap,wordpress-rest,firecrawl-map. 682 words."
https://jackskeen.com/finding-your-greatness/,Finding Your Greatness,post,2022-03-15T10:17:57,2022-03-15T10:17:57,Jack Skeen,Blog,Civility | Executive Leadership Development | Leadership Coaching,https://jackskeen.com/finding-your-greatness/,Finding Your Greatness – Jack Skeen,,,200,article,Your Genius,/finding-your-greatness/,KEEP,"Preserve the existing root-level article URL. Discovered via wordpress-sitemap,wordpress-rest,firecrawl-map. 338 words."
https://jackskeen.com/finding-your-path/,Finding Your Path,post,2024-05-10T17:20:57,2024-05-10T17:20:59,Jack Skeen,Blog,,https://jackskeen.com/finding-your-path/,Finding Your Path – Jack Skeen,,https://jackskeen.com/wp-content/uploads/2024/05/pherux_long_shot_cinematic_photo_of_a_Captain_of_a_wooden_shi_d9a6a860-7854-442e-8949-707676babbbd_0.png,200,article,Purpose,/finding-your-path/,KEEP,"Preserve the existing root-level article URL. Discovered via wordpress-sitemap,wordpress-rest,firecrawl-map. 774 words."
https://jackskeen.com/finding-your-power/,Finding Your Power!!!,post,2023-01-17T14:51:16,2023-01-17T14:51:16,Jack Skeen,Blog,Executive Leadership Development | Personal Growth Coach | Professional development,https://jackskeen.com/finding-your-power/,Finding Your Power!!! – Jack Skeen,,,200,article,Circle Blueprint,/finding-your-power/,KEEP,"Preserve the existing root-level article URL. Discovered via wordpress-sitemap,wordpress-rest,firecrawl-map. 423 words."
https://jackskeen.com/free-books/,Free Books,page,2024-02-22T17:12:24,2024-02-22T17:23:19,Jack Skeen,,,https://jackskeen.com/free-books/,Free Books – Jack Skeen,,,200,book/topic page,,/books,CONSOLIDATE,"Review active lead-magnet fulfillment and book relevance before consolidating. Discovered via wordpress-sitemap,wordpress-rest,firecrawl-map. 164 words. Manual review: strategic page; consolidate."
https://jackskeen.com/free-ebook/,Free eBook!,page,2023-10-12T19:51:25,2023-10-12T20:08:16,fernando,,,https://jackskeen.com/free-ebook/,Free eBook! – Jack Skeen,,,200,page,,/books,CONSOLIDATE,"Review active lead-magnet fulfillment and book relevance before consolidating. Discovered via wordpress-sitemap,wordpress-rest,firecrawl-map. 10 words. Legacy markup: elementor-widget-wrap; elementor-widget-thim-heading; elementor-widget-container; elementor-widget-html. Manual review: strategic page; consolidate."
https://jackskeen.com/gas-pedals-and-brakes/,Gas Pedals and Brakes,post,2019-04-03T09:00:16,2019-04-03T09:00:16,Jack Skeen,Blog,Company Improvement | Executive Leadership Development | Human Resource Professional Development | Improving Employee Satisfaction | Increasing Return on Employee Investment | Leadership Coaching | Life Coach | Personal Growth Coach | Professional development | Reducing Turnover within my company | Self Help,https://jackskeen.com/gas-pedals-and-brakes/,Gas Pedals and Brakes – Jack Skeen,,,200,article,Personal Growth,/gas-pedals-and-brakes/,KEEP,"Preserve the existing root-level article URL. Discovered via wordpress-sitemap,wordpress-rest,firecrawl-map. 296 words."
https://jackskeen.com/giving-thanks-at-thanksgiving/,Giving Thanks at Thanksgiving,post,2022-11-17T15:04:19,2022-11-17T15:04:19,Jack Skeen,Blog,,https://jackskeen.com/giving-thanks-at-thanksgiving/,Giving Thanks at Thanksgiving – Jack Skeen,,,200,article,Reflections,/giving-thanks-at-thanksgiving/,KEEP,"Preserve the existing root-level article URL. Discovered via wordpress-sitemap,wordpress-rest,firecrawl-map. 326 words."
https://jackskeen.com/gladys-turtle/,Gladys,page,2020-08-29T22:22:25,2023-08-31T17:33:03,Jack Skeen,,,https://jackskeen.com/gladys-turtle/,Gladys – Jack Skeen,,,200,page,,/gladys-turtle/,UPDATE,"Preserve provisionally; map into the approved architecture after manual content review. Discovered via wordpress-sitemap,wordpress-rest,firecrawl-map. 107 words. Legacy markup: elementor-widget-wrap; elementor-widget-text-editor; elementor-widget-container; elementor-widget-image; elementor-widget-button."
https://jackskeen.com/gratitude/,Gratitude,post,2019-01-21T04:34:50,2023-08-30T23:09:51,Jack Skeen,Video,,https://jackskeen.com/gratitude/,Gratitude – Jack Skeen,,,200,article,Success & Fulfillment,/gratitude/,UPDATE,"Preserve the article URL but review thin content before launch. Discovered via wordpress-sitemap,wordpress-rest,firecrawl-map. 42 words."
https://jackskeen.com/growing-your-independence/,Growing your “Independence”,post,2022-10-27T14:08:48,2022-10-27T14:08:48,Jack Skeen,Blog,Coaching | Executive Leadership Development | Personal Growth Coach,https://jackskeen.com/growing-your-independence/,Growing your “Independence” – Jack Skeen,,,200,article,Circle Blueprint,/growing-your-independence/,KEEP,"Preserve the existing root-level article URL. Discovered via wordpress-sitemap,wordpress-rest,firecrawl-map. 394 words."
https://jackskeen.com/happiness/,Happiness,post,2019-02-13T09:00:46,2019-02-13T09:00:46,Jack Skeen,Blog,Company Improvement | Executive Leadership Development | Human Resource Professional Development | Improving Employee Satisfaction | Increasing Return on Employee Investment | Leadership Coaching | Life Coach | Personal Growth Coach | Professional development | Reducing Turnover within my company | Self Help,https://jackskeen.com/happiness/,Happiness – Jack Skeen,,,200,article,Success & Fulfillment,/happiness/,KEEP,"Preserve the existing root-level article URL. Discovered via wordpress-sitemap,wordpress-rest,firecrawl-map. 330 words."
https://jackskeen.com/how-can-you-be-so-dumb/,How Can You Be so Dumb?,post,2021-02-23T15:39:09,2021-02-23T15:39:09,Jack Skeen,Blog,Company Improvement | Executive Leadership Development | Leadership Coaching,https://jackskeen.com/how-can-you-be-so-dumb/,How Can You Be so Dumb? – Jack Skeen,,,200,article,Personal Growth,/how-can-you-be-so-dumb/,KEEP,"Preserve the existing root-level article URL. Discovered via wordpress-sitemap,wordpress-rest,firecrawl-map. 279 words."
https://jackskeen.com/how-to-identify-your-true-power/,How to Identify Your True Power,post,2023-03-13T14:01:30,2023-03-13T14:01:30,Jack Skeen,Blog,Coaching | Executive Leadership Development | Life Coach,https://jackskeen.com/how-to-identify-your-true-power/,How to Identify Your True Power – Jack Skeen,,,200,article,Circle Blueprint,/how-to-identify-your-true-power/,KEEP,"Preserve the existing root-level article URL. Discovered via wordpress-sitemap,wordpress-rest,firecrawl-map. 537 words."
https://jackskeen.com/humility-and-the-christmas-story/,Humility and the Christmas Story,post,2022-12-13T16:19:53,2022-12-13T16:19:53,Jack Skeen,Blog,Executive Leadership Development | Personal Growth Coach,https://jackskeen.com/humility-and-the-christmas-story/,Humility and the Christmas Story – Jack Skeen,,,200,article,Reflections,/humility-and-the-christmas-story/,KEEP,"Preserve the existing root-level article URL. Discovered via wordpress-sitemap,wordpress-rest,firecrawl-map. 467 words."
https://jackskeen.com/humility/,Humility,page,2019-04-08T12:28:47,2019-04-08T12:28:47,Jack Skeen,,,https://jackskeen.com/humility/,Humility – Jack Skeen,,,200,page,Circle Blueprint,/humility/,UPDATE,"Preserve provisionally; map into the approved architecture after manual content review. Discovered via wordpress-sitemap,wordpress-rest,firecrawl-map. 369 words."
https://jackskeen.com/independence/,Independence,page,2019-04-08T12:21:01,2019-04-08T12:21:01,Jack Skeen,,,https://jackskeen.com/independence/,Independence – Jack Skeen,,,200,page,Circle Blueprint,/independence/,UPDATE,"Preserve provisionally; map into the approved architecture after manual content review. Discovered via wordpress-sitemap,wordpress-rest,firecrawl-map. 452 words. Manual review: title/slug collision."
https://jackskeen.com/individuality-and-civility/,Individuality and Civility,post,2020-06-02T20:48:55,2020-06-02T20:48:55,Jack Skeen,Blog,Executive Leadership Development | Life Coach | Personal Growth Coach,https://jackskeen.com/individuality-and-civility/,Individuality and Civility – Jack Skeen,,,200,article,Relationships,/individuality-and-civility/,KEEP,"Preserve the existing root-level article URL. Discovered via wordpress-sitemap,wordpress-rest,firecrawl-map. 296 words. Suspicious external links: https://www.filmmodu.org/. Manual review: suspicious external link."
https://jackskeen.com/instructors-7/,Instructors,page,2023-08-30T23:57:27,2023-08-30T23:57:27,fernando,,,https://jackskeen.com/instructors-7/,Instructors – Jack Skeen,,,200,none,,,REMOVE,"Legacy utility/plugin page is outside the approved public architecture. Discovered via wordpress-sitemap,wordpress-rest,firecrawl-map. No readable body text detected."
https://jackskeen.com/its-a-wonderful-day-in-the-neighborhood/,It’s a Wonderful Day in the Neighborhood,post,2025-02-19T15:12:59,2025-02-19T15:13:01,Jack Skeen,Blog,,https://jackskeen.com/its-a-wonderful-day-in-the-neighborhood/,It’s a Wonderful Day in the Neighborhood – Jack Skeen,,https://jackskeen.com/wp-content/uploads/2025/02/Mister_Rogers_Neighborhood_Doc_Header_1050_591_81_s_c1.jpg,200,article,Reflections,/its-a-wonderful-day-in-the-neighborhood/,KEEP,"Preserve the existing root-level article URL. Discovered via wordpress-sitemap,wordpress-rest,firecrawl-map. 295 words."
https://jackskeen.com/jacks-purpose/,Jack’s Purpose,post,2019-02-12T09:00:04,2023-08-31T04:31:00,Jack Skeen,Video,Company Improvement | Executive Leadership Development | Human Resource Professional Development | Improving Employee Satisfaction | Increasing Return on Employee Investment | Leadership Coaching | Life Coach | Personal Growth Coach | Professional development | Reducing Turnover within my company | Self Help,https://jackskeen.com/jacks-purpose/,Jack’s Purpose – Jack Skeen,,https://jackskeen.com/wp-content/uploads/2019/02/video1.jpg,200,article,Purpose,/jacks-purpose/,UPDATE,"Preserve the article URL but review thin content before launch. Discovered via wordpress-sitemap,wordpress-rest,firecrawl-map. 61 words."
https://jackskeen.com/leadership-lessons-from-iron-john/,Leadership Lessons from “Iron John”,post,2023-10-31T21:10:30,2023-10-31T21:10:40,Jack Skeen,Blog,leadership | Personal Growth Coach | Self Help,https://jackskeen.com/leadership-lessons-from-iron-john/,Leadership Lessons from “Iron John” – Jack Skeen,,https://jackskeen.com/wp-content/uploads/2023/10/Leadership-Lessons-from-Iron-John.png,200,article,Leadership,/leadership-lessons-from-iron-john/,KEEP,"Preserve the existing root-level article URL. Discovered via wordpress-sitemap,wordpress-rest,firecrawl-map. 927 words. Manual review: substantial content / potential SEO value."
https://jackskeen.com/learning-to-play-a-friendly-game-of-tennis/,Learning to Play a Friendly Game of Tennis,post,2025-02-10T19:10:50,2025-02-10T19:10:52,Jack Skeen,Blog,,https://jackskeen.com/learning-to-play-a-friendly-game-of-tennis/,Learning to Play a Friendly Game of Tennis – Jack Skeen,,https://jackskeen.com/wp-content/uploads/2025/02/image-6.jpg,200,article,Relationships,/civility-listening/,CONSOLIDATE,"Content analysis found a near-identical older article; preserve the older URL unless traffic/backlink evidence favors the newer URL. Discovered via wordpress-sitemap,wordpress-rest,firecrawl-map. 402 words. Manual review: consolidate."
https://jackskeen.com/letting-go-to-grow/,Letting Go…to Grow,post,2022-05-21T11:30:56,2022-05-21T11:30:56,Jack Skeen,Blog,Company Improvement | Executive Leadership Development | Leadership Coaching,https://jackskeen.com/letting-go-to-grow/,Letting Go…to Grow – Jack Skeen,,,200,article,Personal Growth,/letting-go-to-grow/,KEEP,"Preserve the existing root-level article URL. Discovered via wordpress-sitemap,wordpress-rest,firecrawl-map. 304 words."
https://jackskeen.com/living-within-your-passion/,Living Within Your Passion,post,2019-03-05T09:00:06,2023-08-30T23:08:43,Jack Skeen,Video,Company Improvement | Executive Leadership Development | Human Resource Professional Development | Improving Employee Satisfaction | Increasing Return on Employee Investment | Leadership Coaching | Life Coach | Personal Growth Coach | Professional development | Reducing Turnover within my company | Self Help,https://jackskeen.com/living-within-your-passion/,Living Within Your Passion – Jack Skeen,,,200,article,Your Genius,/living-within-your-passion/,UPDATE,"Preserve the article URL but review thin content before launch. Discovered via wordpress-sitemap,wordpress-rest,firecrawl-map. 68 words."
https://jackskeen.com/loner-or-lover/,Loner or Lover?,post,2025-03-27T17:15:20,2025-03-27T17:15:22,Jack Skeen,Blog,,https://jackskeen.com/loner-or-lover/,Loner or Lover? – Jack Skeen,,https://jackskeen.com/wp-content/uploads/2025/03/lover-loner.png,200,article,Relationships,/civility-loner-of-lover/,CONSOLIDATE,"Content analysis found a near-identical older article; preserve the older URL unless traffic/backlink evidence favors the newer URL. Discovered via wordpress-sitemap,wordpress-rest,firecrawl-map. 400 words. Manual review: consolidate."
https://jackskeen.com/lp-profile-6/,Profile,page,2023-08-30T23:57:27,2023-08-30T23:57:27,fernando,,,https://jackskeen.com/lp-profile-6/,Profile - Jack Skeen,,,200,none,,,REMOVE,"Legacy utility/plugin page is outside the approved public architecture. Discovered via wordpress-sitemap,wordpress-rest,firecrawl-map. 10 words."
https://jackskeen.com/lp-term-conditions-5/,Term Conditions,page,2023-08-30T23:57:27,2023-08-30T23:57:27,fernando,,,https://jackskeen.com/lp-term-conditions-5/,Term Conditions – Jack Skeen,,,200,none,,,REMOVE,"Legacy utility/plugin page is outside the approved public architecture. Discovered via wordpress-sitemap,wordpress-rest,firecrawl-map. No readable body text detected."
https://jackskeen.com/maintenance/,Maintenance,page,2015-10-22T03:26:18,2015-10-22T03:26:18,fernando,,,https://jackskeen.com/maintenance/,Maintenance – Jack Skeen,,,200,none,,,REMOVE,"Legacy utility/plugin page is outside the approved public architecture. Discovered via wordpress-sitemap,wordpress-rest,firecrawl-map. 52 words. Legacy markup: elementor-widget-wrap; elementor-widget-thim-heading; elementor-widget-container; elementor-widget-wp-widget-text."
https://jackskeen.com/making-real-connections-in-a-self-centered-world/,Making Real Connections in a Self-Centered World,post,2024-05-17T17:21:14,2024-05-17T17:28:12,Jack Skeen,Blog,,https://jackskeen.com/making-real-connections-in-a-self-centered-world/,Making Real Connections in a Self-Centered World – Jack Skeen,,https://jackskeen.com/wp-content/uploads/2024/05/pherux_wide_shot_cinematic_photo_of_a_two_different_male_frie_2c7423a7-81c4-4bc7-9df5-75c70088089c_1.png,200,article,Relationships,/making-real-connections-in-a-self-centered-world/,KEEP,"Preserve the existing root-level article URL. Discovered via wordpress-sitemap,wordpress-rest,firecrawl-map. 565 words."
https://jackskeen.com/mastering-the-self-taming-the-ego-for-lasting-fulfillment/,Mastering the Self: Taming the Ego for Lasting Fulfillment,post,2023-12-02T18:19:00,2023-12-02T18:19:44,Jack Skeen,Blog,ego | Professional development | Self Help,https://jackskeen.com/mastering-the-self-taming-the-ego-for-lasting-fulfillment/,Mastering the Self: Taming the Ego for Lasting Fulfillment – Jack Skeen,,https://jackskeen.com/wp-content/uploads/2023/12/Mastering-the-Self-Taming-the-Ego-for-Lasting-Fulfillment.png,200,article,Success & Fulfillment,/mastering-the-self-taming-the-ego-for-lasting-fulfillment/,KEEP,"Preserve the existing root-level article URL. Discovered via wordpress-sitemap,wordpress-rest,firecrawl-map. 1049 words. Manual review: substantial content / potential SEO value."
https://jackskeen.com/meet-gladys-the-turtle/,Meet Gladys the Turtle,post,2020-03-26T21:10:25,2020-03-26T21:10:25,Jack Skeen,Blog,Leadership Coaching,https://jackskeen.com/meet-gladys-the-turtle/,Meet Gladys the Turtle – Jack Skeen,,,200,article,Reflections,/meet-gladys-the-turtle/,UPDATE,"Preserve the article URL but review thin content before launch. Discovered via wordpress-sitemap,wordpress-rest,firecrawl-map. 245 words."
https://jackskeen.com/messing-with-your-operating-system/,Messing with your Operating System,post,2021-03-29T18:43:14,2021-03-29T18:43:14,Jack Skeen,Blog,Leadership Coaching | Personal Growth Coach,https://jackskeen.com/messing-with-your-operating-system/,Messing with your Operating System – Jack Skeen,,,200,article,Personal Growth,/messing-with-your-operating-system/,KEEP,"Preserve the existing root-level article URL. Discovered via wordpress-sitemap,wordpress-rest,firecrawl-map. 431 words."
https://jackskeen.com/money-and-happiness/,Money and Happiness,post,2019-02-20T09:00:00,2019-02-20T09:00:00,Jack Skeen,Blog,Company Improvement | Executive Leadership Development | Human Resource Professional Development | Improving Employee Satisfaction | Increasing Return on Employee Investment | Leadership Coaching | Life Coach | Personal Growth Coach | Professional development | Reducing Turnover within my company | Self Help,https://jackskeen.com/money-and-happiness/,Money and Happiness – Jack Skeen,,,200,article,Success & Fulfillment,/money-and-happiness/,KEEP,"Preserve the existing root-level article URL. Discovered via wordpress-sitemap,wordpress-rest,firecrawl-map. 330 words."
https://jackskeen.com/north-star/,Growing in Difficult Times,post,2020-04-04T21:03:34,2020-04-04T21:03:34,Jack Skeen,Blog,Leadership Coaching | Spiritual Growth,https://jackskeen.com/north-star/,Growing in Difficult Times – Jack Skeen,,,200,article,Purpose,/north-star/,UPDATE,"Preserve the article URL but review thin content before launch. Discovered via wordpress-sitemap,wordpress-rest,firecrawl-map. 135 words."
https://jackskeen.com/our_team_category/our-team/,Category: Our Team,team archive,,,,,,https://jackskeen.com/our_team_category/our-team/,Our Team – Jack Skeen,,,200,none,,,REMOVE,"Thin legacy taxonomy/archive page with no approved equivalent; do not recreate it. Discovered via wordpress-sitemap,firecrawl-map. 26 words."
https://jackskeen.com/our_team/belinda/,Belinda – Jack Skeen,team member,,,,,,https://jackskeen.com/our_team/belinda/,Belinda – Jack Skeen,,,200,none,,,REMOVE,"Legacy/demo custom-post content is outside the approved sitemap; verify before returning 404/410. Discovered via wordpress-sitemap,firecrawl-map. 61 words."
https://jackskeen.com/our_team/christian/,Christian – Jack Skeen,team member,,,,,,https://jackskeen.com/our_team/christian/,Christian – Jack Skeen,,,200,none,,,REMOVE,"Legacy/demo custom-post content is outside the approved sitemap; verify before returning 404/410. Discovered via wordpress-sitemap,firecrawl-map. 61 words."
https://jackskeen.com/our_team/jane-nguyen/,Jane Nguyen – Jack Skeen,team member,,,,,,https://jackskeen.com/our_team/jane-nguyen/,Jane Nguyen – Jack Skeen,,,200,none,,,REMOVE,"Legacy/demo custom-post content is outside the approved sitemap; verify before returning 404/410. Discovered via wordpress-sitemap,firecrawl-map. 61 words."
https://jackskeen.com/our_team/john-doe/,John Doe – Jack Skeen,team member,,,,,,https://jackskeen.com/our_team/john-doe/,John Doe – Jack Skeen,,,200,none,,,REMOVE,"Legacy/demo custom-post content is outside the approved sitemap; verify before returning 404/410. Discovered via wordpress-sitemap,firecrawl-map. 62 words."
https://jackskeen.com/our_team/jonathan/,Jonathan – Jack Skeen,team member,,,,,,https://jackskeen.com/our_team/jonathan/,Jonathan – Jack Skeen,,,200,none,,,REMOVE,"Legacy/demo custom-post content is outside the approved sitemap; verify before returning 404/410. Discovered via wordpress-sitemap,firecrawl-map. 61 words."
https://jackskeen.com/our_team/robert/,Robert – Jack Skeen,team member,,,,,,https://jackskeen.com/our_team/robert/,Robert – Jack Skeen,,,200,none,,,REMOVE,"Legacy/demo custom-post content is outside the approved sitemap; verify before returning 404/410. Discovered via wordpress-sitemap,firecrawl-map. 61 words."
https://jackskeen.com/our_team/ryze-faker/,Ryze Faker – Jack Skeen,team member,,,,,,https://jackskeen.com/our_team/ryze-faker/,Ryze Faker – Jack Skeen,,,200,none,,,REMOVE,"Legacy/demo custom-post content is outside the approved sitemap; verify before returning 404/410. Discovered via wordpress-sitemap,firecrawl-map. 61 words."
https://jackskeen.com/our_team/tony-teo/,Tony Teo – Jack Skeen,team member,,,,,,https://jackskeen.com/our_team/tony-teo/,Tony Teo – Jack Skeen,,,200,none,,,REMOVE,"Legacy/demo custom-post content is outside the approved sitemap; verify before returning 404/410. Discovered via wordpress-sitemap,firecrawl-map. 61 words."
https://jackskeen.com/outgrowing-your-shell-the-courage-to-become-a-bigger-you/,Outgrowing Your Shell: The Courage to Become a Bigger You,post,2024-06-14T18:32:23,2024-06-14T18:41:10,Jack Skeen,Blog,Executive Leadership Development | Personal Growth Coach | Self Help,https://jackskeen.com/outgrowing-your-shell-the-courage-to-become-a-bigger-you/,Outgrowing Your Shell: The Courage to Become a Bigger You – Jack Skeen,,https://jackskeen.com/wp-content/uploads/2024/06/pherux_A_realistic_photo_of_a_person_standing_on_a_cliff_edge_3a92c327-8c83-4334-ad81-a2091f602d20_1.png,200,article,Personal Growth,/outgrowing-your-shell-the-courage-to-become-a-bigger-you/,KEEP,"Preserve the existing root-level article URL. Discovered via wordpress-sitemap,wordpress-rest,firecrawl-map. 525 words."
https://jackskeen.com/overcoming-the-illusion-of-fear/,Overcoming the Illusion of Fear,post,2024-08-29T13:55:34,2024-08-29T13:59:53,Jack Skeen,Blog,,https://jackskeen.com/overcoming-the-illusion-of-fear/,Overcoming the Illusion of Fear – Jack Skeen,,https://jackskeen.com/wp-content/uploads/2024/08/pherux_A_realistic_photo_a_man_overcoming_fear._Realistic_cin_8fd3bf1a-f62e-4b43-8ebe-077d961e84e4_3.png,200,article,Personal Growth,/overcoming-the-illusion-of-fear/,KEEP,"Preserve the existing root-level article URL. Discovered via wordpress-sitemap,wordpress-rest,firecrawl-map. 758 words."
https://jackskeen.com/portfolio-category/books/,404 Page,portfolio archive,,,,,,https://jackskeen.com/portfolio-category/books/,Page not found – Jack Skeen,,,404,none,,,REMOVE,"Already returns 404. Discovered via wordpress-sitemap,firecrawl-map. 16 words. Manual review: HTTP 404."
https://jackskeen.com/portfolio-category/courses/,All Courses,portfolio archive,,,,,,https://jackskeen.com/courses-2/,All Courses - Jack Skeen,,,200,none,,,REMOVE,"Thin legacy taxonomy/archive page with no approved equivalent; do not recreate it. Discovered via wordpress-sitemap,firecrawl-map. No readable body text detected."
https://jackskeen.com/portfolio-category/presentations/,404 Page,portfolio archive,,,,,,https://jackskeen.com/portfolio-category/presentations/,Page not found – Jack Skeen,,,404,none,,,REMOVE,"Already returns 404. Discovered via wordpress-sitemap,firecrawl-map. 16 words. Manual review: HTTP 404."
https://jackskeen.com/portfolio/about-soft-skills/,Soft skills – Jack Skeen,portfolio,,,,,,https://jackskeen.com/portfolio/about-soft-skills/,Soft skills – Jack Skeen,,,200,none,,,REMOVE,"Legacy/demo custom-post content is outside the approved sitemap; verify before returning 404/410. Discovered via wordpress-sitemap,firecrawl-map. 73 words."
https://jackskeen.com/portfolio/design-cover/,Design cover – Jack Skeen,portfolio,,,,,,https://jackskeen.com/portfolio/design-cover/,Design cover – Jack Skeen,,,200,none,,,REMOVE,"Legacy/demo custom-post content is outside the approved sitemap; verify before returning 404/410. Discovered via wordpress-sitemap,firecrawl-map. 76 words."
https://jackskeen.com/portfolio/electronic-book/,Electronic book – Jack Skeen,portfolio,,,,,,https://jackskeen.com/portfolio/electronic-book/,Electronic book – Jack Skeen,,,200,none,,,REMOVE,"Legacy/demo custom-post content is outside the approved sitemap; verify before returning 404/410. Discovered via wordpress-sitemap,firecrawl-map. 76 words."
https://jackskeen.com/portfolio/fighting/,Fighting – Jack Skeen,portfolio,,,,,,https://jackskeen.com/portfolio/fighting/,Fighting – Jack Skeen,,,200,none,,,REMOVE,"Legacy/demo custom-post content is outside the approved sitemap; verify before returning 404/410. Discovered via wordpress-sitemap,firecrawl-map. 72 words."
https://jackskeen.com/portfolio/home-work/,Home Work – Jack Skeen,portfolio,,,,,,https://jackskeen.com/portfolio/home-work/,Home Work – Jack Skeen,,,200,none,,,REMOVE,"Legacy/demo custom-post content is outside the approved sitemap; verify before returning 404/410. Discovered via wordpress-sitemap,firecrawl-map. 71 words."
https://jackskeen.com/portfolio/keeping-smile/,Keeping smile – Jack Skeen,portfolio,,,,,,https://jackskeen.com/portfolio/keeping-smile/,Keeping smile – Jack Skeen,,,200,none,,,REMOVE,"Legacy/demo custom-post content is outside the approved sitemap; verify before returning 404/410. Discovered via wordpress-sitemap,firecrawl-map. 71 words."
https://jackskeen.com/portfolio/library/,Library – Jack Skeen,portfolio,,,,,,https://jackskeen.com/portfolio/library/,Library – Jack Skeen,,,200,none,,,REMOVE,"Legacy/demo custom-post content is outside the approved sitemap; verify before returning 404/410. Discovered via wordpress-sitemap,firecrawl-map. 77 words."
https://jackskeen.com/portfolio/opened-book/,Opened book – Jack Skeen,portfolio,,,,,,https://jackskeen.com/portfolio/opened-book/,Opened book – Jack Skeen,,,200,none,,,REMOVE,"Legacy/demo custom-post content is outside the approved sitemap; verify before returning 404/410. Discovered via wordpress-sitemap,firecrawl-map. 76 words."
https://jackskeen.com/portfolio/reading-book/,Reading book – Jack Skeen,portfolio,,,,,,https://jackskeen.com/portfolio/reading-book/,Reading book – Jack Skeen,,,200,none,,,REMOVE,"Legacy/demo custom-post content is outside the approved sitemap; verify before returning 404/410. Discovered via wordpress-sitemap,firecrawl-map. 76 words."
https://jackskeen.com/portfolio/reading-glasses/,Reading glasses – Jack Skeen,portfolio,,,,,,https://jackskeen.com/portfolio/reading-glasses/,Reading glasses – Jack Skeen,,,200,none,,,REMOVE,"Legacy/demo custom-post content is outside the approved sitemap; verify before returning 404/410. Discovered via wordpress-sitemap,firecrawl-map. 76 words."
https://jackskeen.com/portfolio/startup-team/,Startup Team – Jack Skeen,portfolio,,,,,,https://jackskeen.com/portfolio/startup-team/,Startup Team – Jack Skeen,,,200,none,,,REMOVE,"Legacy/demo custom-post content is outside the approved sitemap; verify before returning 404/410. Discovered via wordpress-sitemap,firecrawl-map. 73 words."
https://jackskeen.com/portfolio/up-your-skill/,Up your skill – Jack Skeen,portfolio,,,,,,https://jackskeen.com/portfolio/up-your-skill/,Up your skill – Jack Skeen,,,200,none,,,REMOVE,"Legacy/demo custom-post content is outside the approved sitemap; verify before returning 404/410. Discovered via wordpress-sitemap,firecrawl-map. 72 words."
https://jackskeen.com/power/,Power,page,2019-04-08T12:25:53,2019-04-08T12:25:53,Jack Skeen,,,https://jackskeen.com/power/,Power – Jack Skeen,,,200,page,Circle Blueprint,/power/,UPDATE,"Preserve provisionally; map into the approved architecture after manual content review. Discovered via wordpress-sitemap,wordpress-rest,firecrawl-map. 415 words."
https://jackskeen.com/purpose/,Purpose,page,2019-04-08T12:27:12,2019-04-08T12:27:12,Jack Skeen,,,https://jackskeen.com/purpose/,Purpose – Jack Skeen,,,200,page,Circle Blueprint,/purpose/,UPDATE,"Preserve provisionally; map into the approved architecture after manual content review. Discovered via wordpress-sitemap,wordpress-rest,firecrawl-map. 359 words."
https://jackskeen.com/pushing-the-boundaries-of-your-comfort-zone-achieving-a-big-dream/,Pushing the Boundaries of Your Comfort Zone: Achieving a Big Dream,post,2024-07-11T12:42:38,2024-07-11T12:45:33,Jack Skeen,Blog,,https://jackskeen.com/pushing-the-boundaries-of-your-comfort-zone-achieving-a-big-dream/,Pushing the Boundaries of Your Comfort Zone: Achieving a Big Dream – Jack Skeen,,https://jackskeen.com/wp-content/uploads/2024/07/pherux_A_realistic_photo_capturing_huge_rocket_launching_to_s_611485e6-9782-4583-9cd1-4b9675f2b002_0.png,200,article,Purpose,/pushing-the-boundaries-of-your-comfort-zone-achieving-a-big-dream/,KEEP,"Preserve the existing root-level article URL. Discovered via wordpress-sitemap,wordpress-rest,firecrawl-map. 483 words."
https://jackskeen.com/rediscovering-your-inner-greatness/,Rediscovering Your Inner Greatness,post,2024-04-24T04:26:22,2024-04-24T04:34:35,Jack Skeen,Blog,Personal Growth Coach | Professional development | Self Help,https://jackskeen.com/rediscovering-your-inner-greatness/,Rediscovering Your Inner Greatness – Jack Skeen,,https://jackskeen.com/wp-content/uploads/2024/04/greatness.png,200,article,Your Genius,/rediscovering-your-inner-greatness/,KEEP,"Preserve the existing root-level article URL. Discovered via wordpress-sitemap,wordpress-rest,firecrawl-map. 954 words. Manual review: substantial content / potential SEO value."
https://jackskeen.com/roadmap-essentials/,Roadmap Essentials,page,2025-12-12T01:47:55,2025-12-12T03:07:03,fernando,,,https://jackskeen.com/roadmap-essentials/,Roadmap Essentials – Jack Skeen,,,200,redirect only,Purpose,/work-with-jack/roadmap-essentials,REDIRECT,"Equivalent route exists in the approved sitemap. Discovered via wordpress-sitemap,wordpress-rest,firecrawl-map. 457 words. Legacy markup: elementor-widget-wrap; elementor-widget-heading; elementor-widget-container; elementor-widget-text-editor; elementor-widget-button; elementor-widget-image; elementor-widget-image-box; elementor-widget-icon-box; elementor-widget-html; elementor-widget-thim-heading; elementor-widget-spacer. Unsupported embeds: https://embed-v2.testimonial.to/w/the-roadmap?id=fe74c6b5-8232-4326-8fed-f5ff8b70e635. Manual review: strategic page; redirect; unsupported external embed."
https://jackskeen.com/roadmap-vault/,Roadmap Vault,page,2023-10-09T18:29:21,2023-10-09T19:06:18,Jack Skeen,,,https://jackskeen.com/roadmap-vault/,Roadmap Vault – Jack Skeen,,,200,page,,/roadmap-vault/,NOINDEX,"Potential member/client resource; confirm access requirements before migration. Discovered via wordpress-sitemap,wordpress-rest,firecrawl-map. 13 words. Manual review: strategic page; noindex."
https://jackskeen.com/shedding-your-shell-embracing-change-and-growth-in-2025/,Shedding Your Shell: Embracing Change and Growth in 2025,post,2025-01-03T20:43:02,2025-01-03T20:51:46,Jack Skeen,Blog,,https://jackskeen.com/shedding-your-shell-embracing-change-and-growth-in-2025/,Shedding Your Shell: Embracing Change and Growth in 2025 – Jack Skeen,,https://jackskeen.com/wp-content/uploads/2025/01/image-1.jpg,200,article,Personal Growth,/shedding-your-shell-embracing-change-and-growth-in-2025/,KEEP,"Preserve the existing root-level article URL. Discovered via wordpress-sitemap,wordpress-rest,firecrawl-map. 767 words."
https://jackskeen.com/shifting-from-below-to-above-the-line/,Shifting from Below to Above “The Line”,post,2021-08-08T13:21:40,2021-08-08T13:21:40,Jack Skeen,Blog,Executive Leadership Development | Leadership Coaching | Personal Growth Coach,https://jackskeen.com/shifting-from-below-to-above-the-line/,Shifting from Below to Above “The Line” – Jack Skeen,,,200,article,Personal Growth,/shifting-from-below-to-above-the-line/,KEEP,"Preserve the existing root-level article URL. Discovered via wordpress-sitemap,wordpress-rest,firecrawl-map. 343 words."
https://jackskeen.com/skeen-stronghold/,Skeen Stronghold,page,2024-05-17T17:53:15,2024-05-17T19:47:21,Jack Skeen,,,https://jackskeen.com/skeen-stronghold/,Skeen Stronghold – Jack Skeen,,,200,none,,,REMOVE,"Legacy utility/plugin page is outside the approved public architecture. Discovered via wordpress-sitemap,wordpress-rest,firecrawl-map. 222 words. Legacy markup: elementor-widget-wrap; elementor-widget-heading; elementor-widget-container; elementor-widget-text-editor; elementor-widget-icon-box; elementor-widget-button; elementor-widget-image-carousel; elementor-widget-divider--view-line; elementor-widget-divider."
https://jackskeen.com/story-of-ghandi/,Story of Ghandi,post,2019-03-12T09:00:46,2023-08-30T23:08:21,Jack Skeen,Video,Company Improvement | Executive Leadership Development | Human Resource Professional Development | Improving Employee Satisfaction | Increasing Return on Employee Investment | Leadership Coaching | Life Coach | Personal Growth Coach | Professional development | Reducing Turnover within my company | Self Help,https://jackskeen.com/story-of-ghandi/,Story of Ghandi – Jack Skeen,,,200,article,Reflections,/story-of-ghandi/,UPDATE,"Preserve the article URL but review thin content before launch. Discovered via wordpress-sitemap,wordpress-rest,firecrawl-map. 67 words."
https://jackskeen.com/tag/being/,Being,tag archive,,,,,,https://jackskeen.com/tag/being/,Being – Jack Skeen,,,200,none,,,REMOVE,"Thin legacy taxonomy/archive page with no approved equivalent; do not recreate it. Discovered via wordpress-sitemap,firecrawl-map. 55 words."
https://jackskeen.com/tag/christmas/,Christmas,tag archive,,,,,,https://jackskeen.com/tag/christmas/,Christmas – Jack Skeen,,,200,none,,,REMOVE,"Thin legacy taxonomy/archive page with no approved equivalent; do not recreate it. Discovered via wordpress-sitemap,firecrawl-map. 55 words."
https://jackskeen.com/tag/civility/,Civility,tag archive,,,,,,https://jackskeen.com/tag/civility/,Civility – Jack Skeen,,,200,redirect only,,/insights/topics/relationships,REDIRECT,"Archive concept maps directly to an approved topic hub; do not recreate the archive. Discovered via wordpress-sitemap,firecrawl-map. 544 words. Manual review: redirect."
https://jackskeen.com/tag/coaching/,Coaching,tag archive,,,,,,https://jackskeen.com/tag/coaching/,Coaching – Jack Skeen,,,200,none,,,REMOVE,"Thin legacy taxonomy/archive page with no approved equivalent; do not recreate it. Discovered via wordpress-sitemap,firecrawl-map. 163 words."
https://jackskeen.com/tag/community/,community,tag archive,,,,,,https://jackskeen.com/tag/community/,community – Jack Skeen,,,200,redirect only,,/insights/topics/relationships,REDIRECT,"Archive concept maps directly to an approved topic hub; do not recreate the archive. Discovered via wordpress-sitemap,firecrawl-map. 321 words. Manual review: redirect."
https://jackskeen.com/tag/company-improvement/,Company Improvement,tag archive,,,,,,https://jackskeen.com/tag/company-improvement/,Company Improvement – Jack Skeen,,,200,none,,,REMOVE,"Thin legacy taxonomy/archive page with no approved equivalent; do not recreate it. Discovered via wordpress-sitemap,firecrawl-map. 544 words."
https://jackskeen.com/tag/control/,control,tag archive,,,,,,https://jackskeen.com/tag/control/,control – Jack Skeen,,,200,none,,,REMOVE,"Thin legacy taxonomy/archive page with no approved equivalent; do not recreate it. Discovered via wordpress-sitemap,firecrawl-map. 54 words."
https://jackskeen.com/tag/creativity/,creativity,tag archive,,,,,,https://jackskeen.com/tag/creativity/,creativity – Jack Skeen,,,200,none,,,REMOVE,"Thin legacy taxonomy/archive page with no approved equivalent; do not recreate it. Discovered via wordpress-sitemap,firecrawl-map. 54 words."
https://jackskeen.com/tag/development-reducing-turnover-within-my-company/,Development Reducing Turnover within my company,tag archive,,,,,,https://jackskeen.com/tag/development-reducing-turnover-within-my-company/,Development Reducing Turnover within my company – Jack Skeen,,,200,none,,,REMOVE,"Thin legacy taxonomy/archive page with no approved equivalent; do not recreate it. Discovered via wordpress-sitemap,firecrawl-map. 56 words."
https://jackskeen.com/tag/ego/,ego,tag archive,,,,,,https://jackskeen.com/tag/ego/,ego – Jack Skeen,,,200,none,,,REMOVE,"Thin legacy taxonomy/archive page with no approved equivalent; do not recreate it. Discovered via wordpress-sitemap,firecrawl-map. 118 words."
https://jackskeen.com/tag/executive-leadership-development/,Executive Leadership Development,tag archive,,,,,,https://jackskeen.com/tag/executive-leadership-development/,Executive Leadership Development – Jack Skeen,,,200,none,,,REMOVE,"Thin legacy taxonomy/archive page with no approved equivalent; do not recreate it. Discovered via wordpress-sitemap,firecrawl-map. 566 words."
https://jackskeen.com/tag/family/,family,tag archive,,,,,,https://jackskeen.com/tag/family/,family – Jack Skeen,,,200,redirect only,,/insights/topics/relationships,REDIRECT,"Archive concept maps directly to an approved topic hub; do not recreate the archive. Discovered via wordpress-sitemap,firecrawl-map. 108 words. Manual review: redirect."
https://jackskeen.com/tag/fun/,fun,tag archive,,,,,,https://jackskeen.com/tag/fun/,fun – Jack Skeen,,,200,none,,,REMOVE,"Thin legacy taxonomy/archive page with no approved equivalent; do not recreate it. Discovered via wordpress-sitemap,firecrawl-map. 53 words."
https://jackskeen.com/tag/happiness/,happiness,tag archive,,,,,,https://jackskeen.com/tag/happiness/,happiness – Jack Skeen,,,200,redirect only,,/insights/topics/success-fulfillment,REDIRECT,"Archive concept maps directly to an approved topic hub; do not recreate the archive. Discovered via wordpress-sitemap,firecrawl-map. 114 words. Manual review: redirect."
https://jackskeen.com/tag/human-resource-professional-development/,Human Resource Professional Development,tag archive,,,,,,https://jackskeen.com/tag/human-resource-professional-development/,Human Resource Professional Development – Jack Skeen,,,200,none,,,REMOVE,"Thin legacy taxonomy/archive page with no approved equivalent; do not recreate it. Discovered via wordpress-sitemap,firecrawl-map. 537 words."
https://jackskeen.com/tag/human-resource-professional/,Human Resource Professional,tag archive,,,,,,https://jackskeen.com/tag/human-resource-professional/,Human Resource Professional – Jack Skeen,,,200,none,,,REMOVE,"Thin legacy taxonomy/archive page with no approved equivalent; do not recreate it. Discovered via wordpress-sitemap,firecrawl-map. 56 words."
https://jackskeen.com/tag/improving-employee-satisfaction/,Improving Employee Satisfaction,tag archive,,,,,,https://jackskeen.com/tag/improving-employee-satisfaction/,Improving Employee Satisfaction – Jack Skeen,,,200,none,,,REMOVE,"Thin legacy taxonomy/archive page with no approved equivalent; do not recreate it. Discovered via wordpress-sitemap,firecrawl-map. 494 words."
https://jackskeen.com/tag/increasing-return-on-employee-investment/,Increasing Return on Employee Investment,tag archive,,,,,,https://jackskeen.com/tag/increasing-return-on-employee-investment/,Increasing Return on Employee Investment – Jack Skeen,,,200,none,,,REMOVE,"Thin legacy taxonomy/archive page with no approved equivalent; do not recreate it. Discovered via wordpress-sitemap,firecrawl-map. 494 words."
https://jackskeen.com/tag/intentionality/,intentionality,tag archive,,,,,,https://jackskeen.com/tag/intentionality/,intentionality – Jack Skeen,,,200,none,,,REMOVE,"Thin legacy taxonomy/archive page with no approved equivalent; do not recreate it. Discovered via wordpress-sitemap,firecrawl-map. 52 words."
https://jackskeen.com/tag/leadership-coaching/,Leadership Coaching,tag archive,,,,,,https://jackskeen.com/tag/leadership-coaching/,Leadership Coaching – Jack Skeen,,,200,none,,,REMOVE,"Thin legacy taxonomy/archive page with no approved equivalent; do not recreate it. Discovered via wordpress-sitemap,firecrawl-map. 571 words."
https://jackskeen.com/tag/leadership/,leadership,tag archive,,,,,,https://jackskeen.com/tag/leadership/,leadership – Jack Skeen,,,200,redirect only,,/insights/topics/leadership,REDIRECT,"Archive concept maps directly to an approved topic hub; do not recreate the archive. Discovered via wordpress-sitemap,firecrawl-map. 220 words. Manual review: redirect."
https://jackskeen.com/tag/life-coach/,Life Coach,tag archive,,,,,,https://jackskeen.com/tag/life-coach/,Life Coach – Jack Skeen,,,200,none,,,REMOVE,"Thin legacy taxonomy/archive page with no approved equivalent; do not recreate it. Discovered via wordpress-sitemap,firecrawl-map. 572 words."
https://jackskeen.com/tag/listening/,listening,tag archive,,,,,,https://jackskeen.com/tag/listening/,listening – Jack Skeen,,,200,redirect only,,/insights/topics/relationships,REDIRECT,"Archive concept maps directly to an approved topic hub; do not recreate the archive. Discovered via wordpress-sitemap,firecrawl-map. 52 words. Manual review: redirect."
https://jackskeen.com/tag/neighbor-fred-rogers/,neighbor. Fred Rogers,tag archive,,,,,,https://jackskeen.com/tag/neighbor-fred-rogers/,neighbor. Fred Rogers – Jack Skeen,,,200,none,,,REMOVE,"Thin legacy taxonomy/archive page with no approved equivalent; do not recreate it. Discovered via wordpress-sitemap,firecrawl-map. 55 words."
https://jackskeen.com/tag/personal-growth-coach/,Personal Growth Coach,tag archive,,,,,,https://jackskeen.com/tag/personal-growth-coach/,Personal Growth Coach – Jack Skeen,,,200,redirect only,,/insights/topics/personal-growth,REDIRECT,"Archive concept maps directly to an approved topic hub; do not recreate the archive. Discovered via wordpress-sitemap,firecrawl-map. 562 words. Manual review: redirect."
https://jackskeen.com/tag/professional-development/,Professional development,tag archive,,,,,,https://jackskeen.com/tag/professional-development/,Professional development – Jack Skeen,,,200,none,,,REMOVE,"Thin legacy taxonomy/archive page with no approved equivalent; do not recreate it. Discovered via wordpress-sitemap,firecrawl-map. 564 words."
https://jackskeen.com/tag/reducing-turnover-within-my-company/,Reducing Turnover within my company,tag archive,,,,,,https://jackskeen.com/tag/reducing-turnover-within-my-company/,Reducing Turnover within my company – Jack Skeen,,,200,none,,,REMOVE,"Thin legacy taxonomy/archive page with no approved equivalent; do not recreate it. Discovered via wordpress-sitemap,firecrawl-map. 494 words."
https://jackskeen.com/tag/responsibility/,responsibility,tag archive,,,,,,https://jackskeen.com/tag/responsibility/,responsibility – Jack Skeen,,,200,none,,,REMOVE,"Thin legacy taxonomy/archive page with no approved equivalent; do not recreate it. Discovered via wordpress-sitemap,firecrawl-map. 55 words."
https://jackskeen.com/tag/ritual/,ritual,tag archive,,,,,,https://jackskeen.com/tag/ritual/,ritual – Jack Skeen,,,200,none,,,REMOVE,"Thin legacy taxonomy/archive page with no approved equivalent; do not recreate it. Discovered via wordpress-sitemap,firecrawl-map. 55 words."
https://jackskeen.com/tag/self-help/,Self Help,tag archive,,,,,,https://jackskeen.com/tag/self-help/,Self Help – Jack Skeen,,,200,none,,,REMOVE,"Thin legacy taxonomy/archive page with no approved equivalent; do not recreate it. Discovered via wordpress-sitemap,firecrawl-map. 579 words."
https://jackskeen.com/tag/spiritual-growth/,Spiritual Growth,tag archive,,,,,,https://jackskeen.com/tag/spiritual-growth/,Spiritual Growth – Jack Skeen,,,200,redirect only,,/insights/topics/personal-growth,REDIRECT,"Archive concept maps directly to an approved topic hub; do not recreate the archive. Discovered via wordpress-sitemap,firecrawl-map. 107 words. Manual review: redirect."
https://jackskeen.com/taking-100-responsibility/,Taking 100% Responsibility,post,2019-03-20T09:00:29,2019-03-20T09:00:29,Jack Skeen,Blog,Company Improvement | Executive Leadership Development | Human Resource Professional Development | Improving Employee Satisfaction | Increasing Return on Employee Investment | Leadership Coaching | Life Coach | Personal Growth Coach | Professional development | Reducing Turnover within my company | Self Help,https://jackskeen.com/taking-100-responsibility/,Taking 100% Responsibility – Jack Skeen,,,200,article,Circle Blueprint,/taking-100-responsibility/,KEEP,"Preserve the existing root-level article URL. Discovered via wordpress-sitemap,wordpress-rest,firecrawl-map. 323 words."
https://jackskeen.com/taking-radical-responsibility-for-your-life/,Taking Radical Responsibility for Your Life,post,2021-05-18T21:58:29,2021-05-18T21:58:29,Jack Skeen,Blog,Executive Leadership Development | Leadership Coaching | Personal Growth Coach,https://jackskeen.com/taking-radical-responsibility-for-your-life/,Taking Radical Responsibility for Your Life – Jack Skeen,,,200,article,Personal Growth,/taking-radical-responsibility-for-your-life/,UPDATE,"Preserve the article URL but review thin content before launch. Discovered via wordpress-sitemap,wordpress-rest,firecrawl-map. 249 words."
https://jackskeen.com/testimonials/,Success Stories,page,2016-06-20T03:27:42,2023-08-31T05:09:45,Jack Skeen,,,https://jackskeen.com/testimonials/,Testimonials – Jack Skeen,,,200,redirect only,,/success-stories,REDIRECT,"Equivalent approved testimonial destination. Discovered via wordpress-sitemap,wordpress-rest,firecrawl-map. 755 words. Manual review: strategic page; redirect."
https://jackskeen.com/testimonials/alexander-koff/,Alexander Koff – Jack Skeen,testimonial,,,,,,https://jackskeen.com/testimonials/alexander-koff/,Alexander Koff – Jack Skeen,,,200,testimonial,,/success-stories,CONSOLIDATE,"Migrate only approved proof into the Success Stories model; verify consent and claims. Discovered via wordpress-sitemap,firecrawl-map. 37 words. Manual review: consolidate."
https://jackskeen.com/testimonials/bob-moss/,Bob Moss – Jack Skeen,testimonial,,,,,,https://jackskeen.com/testimonials/bob-moss/,Bob Moss – Jack Skeen,,,200,testimonial,,/success-stories,CONSOLIDATE,"Migrate only approved proof into the Success Stories model; verify consent and claims. Discovered via wordpress-sitemap,firecrawl-map. 48 words. Manual review: consolidate."
https://jackskeen.com/testimonials/dr-laura-berman/,Dr. Laura Berman – Jack Skeen,testimonial,,,,,,https://jackskeen.com/testimonials/dr-laura-berman/,Dr. Laura Berman – Jack Skeen,,,200,testimonial,,/success-stories,CONSOLIDATE,"Migrate only approved proof into the Success Stories model; verify consent and claims. Discovered via wordpress-sitemap,firecrawl-map. 69 words. Manual review: consolidate."
https://jackskeen.com/testimonials/jean-moran/,Jean Moran – Jack Skeen,testimonial,,,,,,https://jackskeen.com/testimonials/jean-moran/,Jean Moran – Jack Skeen,,,200,testimonial,,/success-stories,CONSOLIDATE,"Migrate only approved proof into the Success Stories model; verify consent and claims. Discovered via wordpress-sitemap,firecrawl-map. 82 words. Manual review: consolidate."
https://jackskeen.com/testimonials/kathleen-mccormick/,Kathleen McCormick – Jack Skeen,testimonial,,,,,,https://jackskeen.com/testimonials/kathleen-mccormick/,Kathleen McCormick – Jack Skeen,,,200,testimonial,,/success-stories,CONSOLIDATE,"Migrate only approved proof into the Success Stories model; verify consent and claims. Discovered via wordpress-sitemap,firecrawl-map. 28 words. Manual review: consolidate."
https://jackskeen.com/testimonials/marie-hartman/,Marie Hartman – Jack Skeen,testimonial,,,,,,https://jackskeen.com/testimonials/marie-hartman/,Marie Hartman – Jack Skeen,,,200,testimonial,,/success-stories,CONSOLIDATE,"Migrate only approved proof into the Success Stories model; verify consent and claims. Discovered via wordpress-sitemap,firecrawl-map. 100 words. Manual review: consolidate."
https://jackskeen.com/testimonials/mark-few/,Mark Few – Jack Skeen,testimonial,,,,,,https://jackskeen.com/testimonials/mark-few/,Mark Few – Jack Skeen,,,200,testimonial,,/success-stories,CONSOLIDATE,"Migrate only approved proof into the Success Stories model; verify consent and claims. Discovered via wordpress-sitemap,firecrawl-map. 182 words. Manual review: consolidate."
https://jackskeen.com/testimonials/mark-mitchell/,Mark Mitchell – Jack Skeen,testimonial,,,,,,https://jackskeen.com/testimonials/mark-mitchell/,Mark Mitchell – Jack Skeen,,,200,testimonial,,/success-stories,CONSOLIDATE,"Migrate only approved proof into the Success Stories model; verify consent and claims. Discovered via wordpress-sitemap,firecrawl-map. 123 words. Manual review: consolidate."
https://jackskeen.com/testimonials/michael-stewart/,Michael Stewart – Jack Skeen,testimonial,,,,,,https://jackskeen.com/testimonials/michael-stewart/,Michael Stewart – Jack Skeen,,,200,testimonial,,/success-stories,CONSOLIDATE,"Migrate only approved proof into the Success Stories model; verify consent and claims. Discovered via wordpress-sitemap,firecrawl-map. 82 words. Manual review: consolidate."
https://jackskeen.com/testimonials/pat-mcmahon/,Pat McMahon – Jack Skeen,testimonial,,,,,,https://jackskeen.com/testimonials/pat-mcmahon/,Pat McMahon – Jack Skeen,,,200,testimonial,,/success-stories,CONSOLIDATE,"Migrate only approved proof into the Success Stories model; verify consent and claims. Discovered via wordpress-sitemap,firecrawl-map. 82 words. Manual review: consolidate."
https://jackskeen.com/testimonials/rodrigo-leonardo-anunciato/,Rodrigo Leonardo Anunciato – Jack Skeen,testimonial,,,,,,https://jackskeen.com/testimonials/rodrigo-leonardo-anunciato/,Rodrigo Leonardo Anunciato – Jack Skeen,,,200,testimonial,,/success-stories,CONSOLIDATE,"Migrate only approved proof into the Success Stories model; verify consent and claims. Discovered via wordpress-sitemap,firecrawl-map. 54 words. Manual review: consolidate."
https://jackskeen.com/testimonials/samuel-p-chapman/,Samuel P. Chapman – Jack Skeen,testimonial,,,,,,https://jackskeen.com/testimonials/samuel-p-chapman/,Samuel P. Chapman – Jack Skeen,,,200,testimonial,,/success-stories,CONSOLIDATE,"Migrate only approved proof into the Success Stories model; verify consent and claims. Discovered via wordpress-sitemap,firecrawl-map. 50 words. Manual review: consolidate."
https://jackskeen.com/testimonials/shane-goodwin-phd/,"Shane Goodwin, PhD – Jack Skeen",testimonial,,,,,,https://jackskeen.com/testimonials/shane-goodwin-phd/,"Shane Goodwin, PhD – Jack Skeen",,,200,testimonial,,/success-stories,CONSOLIDATE,"Migrate only approved proof into the Success Stories model; verify consent and claims. Discovered via wordpress-sitemap,firecrawl-map. 189 words. Manual review: consolidate."
https://jackskeen.com/thanksgiving-and-giving-thanks/,Thanksgiving and Giving Thanks,post,2021-11-26T14:41:03,2021-11-26T14:41:03,Jack Skeen,Blog,Civility | Leadership Coaching | Personal Growth Coach,https://jackskeen.com/thanksgiving-and-giving-thanks/,Thanksgiving and Giving Thanks – Jack Skeen,,,200,article,Reflections,/thanksgiving-and-giving-thanks/,KEEP,"Preserve the existing root-level article URL. Discovered via wordpress-sitemap,wordpress-rest,firecrawl-map. 260 words."
https://jackskeen.com/the-art-of-mind-management-being-your-mind-vs-having-a-mind/,The Art of Mind Management: Being Your Mind vs. Having a Mind,post,2023-12-02T18:32:54,2023-12-21T04:02:12,Jack Skeen,Blog,Executive Leadership Development | Leadership Coaching | Professional development,https://jackskeen.com/the-art-of-mind-management-being-your-mind-vs-having-a-mind/,The Art of Mind Management: Being Your Mind vs. Having a Mind – Jack Skeen,,https://jackskeen.com/wp-content/uploads/2023/12/The-Art-of-Mind-Management-Being-Your-Mind-vs.-Having-a-Mind.png,200,article,Personal Growth,/the-art-of-mind-management-being-your-mind-vs-having-a-mind/,KEEP,"Preserve the existing root-level article URL. Discovered via wordpress-sitemap,wordpress-rest,firecrawl-map. 876 words."
https://jackskeen.com/the-change-formula/,The Change Formula,post,2019-03-27T09:00:02,2019-03-27T09:00:02,Jack Skeen,Blog,Company Improvement | Executive Leadership Development | Human Resource Professional Development | Improving Employee Satisfaction | Increasing Return on Employee Investment | Leadership Coaching | Life Coach | Personal Growth Coach | Professional development | Reducing Turnover within my company | Self Help,https://jackskeen.com/the-change-formula/,The Change Formula – Jack Skeen,,,200,article,Personal Growth,/the-change-formula/,KEEP,"Preserve the existing root-level article URL. Discovered via wordpress-sitemap,wordpress-rest,firecrawl-map. 309 words."
https://jackskeen.com/the-circle-blueprint-assessment/,The Circle Blueprint Assessment,post,2019-04-24T09:00:49,2019-04-24T09:00:49,Jack Skeen,Blog,Company Improvement | Executive Leadership Development | Human Resource Professional Development | Improving Employee Satisfaction | Increasing Return on Employee Investment | Leadership Coaching | Life Coach | Personal Growth Coach | Professional development | Reducing Turnover within my company | Self Help,https://jackskeen.com/the-circle-blueprint-assessment/,The Circle Blueprint Assessment – Jack Skeen,,,200,article,Circle Blueprint,/the-circle-blueprint-assessment/,KEEP,"Preserve the existing root-level article URL. Discovered via wordpress-sitemap,wordpress-rest,firecrawl-map. 385 words."
https://jackskeen.com/the-circle-blueprint-system/,The Circle Blueprint System,post,2019-02-05T09:00:17,2023-08-31T17:23:10,Jack Skeen,Video,Company Improvement | Executive Leadership Development | Human Resource Professional Development | Improving Employee Satisfaction | Increasing Return on Employee Investment | Leadership Coaching | Life Coach | Personal Growth Coach | Professional development | Reducing Turnover within my company | Self Help,https://jackskeen.com/the-circle-blueprint-system/,The Circle Blueprint System – Jack Skeen,,https://jackskeen.com/wp-content/uploads/2019/02/video4-1.jpg,200,article,Circle Blueprint,/the-circle-blueprint-system/,UPDATE,"Preserve the article URL but review thin content before launch. Discovered via wordpress-sitemap,wordpress-rest,firecrawl-map. 61 words. Manual review: strategic page."
https://jackskeen.com/the-civility-essays/,The Civility Essays,page,2025-04-27T23:16:13,2025-04-27T23:24:17,Jack Skeen,,,https://jackskeen.com/the-civility-essays/,The Civility Essays – Jack Skeen,,https://jackskeen.com/wp-content/uploads/2025/04/The-Civility-Essays-2.png,200,page,Relationships,/the-civility-essays/,UPDATE,"Preserve provisionally; map into the approved architecture after manual content review. Discovered via wordpress-sitemap,wordpress-rest,firecrawl-map. 193 words. Manual review: strategic page."
https://jackskeen.com/the-four-developmental-tasks/,The Four Developmental Tasks,post,2019-03-13T09:00:26,2019-03-13T09:00:26,Jack Skeen,Blog,Company Improvement | Executive Leadership Development | Human Resource Professional Development | Improving Employee Satisfaction | Increasing Return on Employee Investment | Leadership Coaching | Life Coach | Personal Growth Coach | Professional development | Reducing Turnover within my company | Self Help,https://jackskeen.com/the-four-developmental-tasks/,The Four Developmental Tasks – Jack Skeen,,,200,article,Circle Blueprint,/the-four-developmental-tasks/,KEEP,"Preserve the existing root-level article URL. Discovered via wordpress-sitemap,wordpress-rest,firecrawl-map. 436 words."
https://jackskeen.com/the-path-to-true-humility/,The Path to True Humility,post,2023-10-12T19:06:34,2023-10-12T19:08:08,Jack Skeen,Blog,Life Coach | Self Help,https://jackskeen.com/the-path-to-true-humility/,The Path to True Humility – Jack Skeen,,https://jackskeen.com/wp-content/uploads/2023/10/qtq80-m1oCIg.jpeg,200,article,Circle Blueprint,/the-path-to-true-humility/,KEEP,"Preserve the existing root-level article URL. Discovered via wordpress-sitemap,wordpress-rest,firecrawl-map. 1572 words. Manual review: substantial content / potential SEO value."
https://jackskeen.com/the-power-of-being-seen-and-embracing-vulnerability/,The Power of “Being Seen” and Embracing Vulnerability,post,2024-05-31T14:19:17,2024-05-31T14:29:52,Jack Skeen,Blog,Leadership Coaching | Life Coach | Personal Growth Coach | Self Help,https://jackskeen.com/the-power-of-being-seen-and-embracing-vulnerability/,The Power of “Being Seen” and Embracing Vulnerability – Jack Skeen,,https://jackskeen.com/wp-content/uploads/2024/05/pherux_open_shot_cinematic_photo_of_a_samurai_removing_his_ar_577515a7-d592-4455-ba0c-5170a0bc1c3c_2.png,200,article,Relationships,/the-power-of-being-seen-and-embracing-vulnerability/,KEEP,"Preserve the existing root-level article URL. Discovered via wordpress-sitemap,wordpress-rest,firecrawl-map. 584 words."
https://jackskeen.com/the-power-of-dreams-igniting-your-path-to-fulfillment/,The Power of Dreams: Igniting Your Path to Fulfillment,post,2024-03-17T17:07:45,2024-03-17T17:08:38,Jack Skeen,Blog,Life Coach | Personal Growth Coach | Professional development | Self Help,https://jackskeen.com/the-power-of-dreams-igniting-your-path-to-fulfillment/,The Power of Dreams: Igniting Your Path to Fulfillment – Jack Skeen,,https://jackskeen.com/wp-content/uploads/2024/03/The-Power-of-Dreams.png,200,article,Purpose,/the-power-of-dreams-igniting-your-path-to-fulfillment/,KEEP,"Preserve the existing root-level article URL. Discovered via wordpress-sitemap,wordpress-rest,firecrawl-map. 966 words. Manual review: substantial content / potential SEO value."
https://jackskeen.com/the-power-of-fierce-conversations/,The Power of Fierce Conversations,post,2024-08-20T13:56:08,2024-08-20T13:56:09,Jack Skeen,Blog,,https://jackskeen.com/the-power-of-fierce-conversations/,The Power of Fierce Conversations – Jack Skeen,,https://jackskeen.com/wp-content/uploads/2024/08/pherux_A_realistic_photo_capturing_a_group_discussion._Realis_ed7cf889-083d-4553-92c1-29f84b555eb9_2.png,200,article,Relationships,/the-power-of-fierce-conversations/,KEEP,"Preserve the existing root-level article URL. Discovered via wordpress-sitemap,wordpress-rest,firecrawl-map. 752 words."
https://jackskeen.com/the-power-of-preference/,The Power of Preference,post,2024-09-13T14:10:42,2024-09-13T14:13:42,Jack Skeen,Blog,,https://jackskeen.com/the-power-of-preference/,The Power of Preference – Jack Skeen,,https://jackskeen.com/wp-content/uploads/2024/09/pherux_A_realistic_photo_capturing_a_person_eating_a_roast_be_694ff9aa-8e95-40d1-b48b-1ca693e6d06c_1.png,200,article,Personal Growth,/the-power-of-preference/,KEEP,"Preserve the existing root-level article URL. Discovered via wordpress-sitemap,wordpress-rest,firecrawl-map. 781 words."
https://jackskeen.com/the-roadmap/,The Roadmap,page,2023-08-31T17:34:47,2025-11-20T16:57:05,fernando,,,https://jackskeen.com/the-roadmap/,The Roadmap – Jack Skeen,,,200,redirect only,Your Genius,/roadmap,REDIRECT,"Equivalent route exists in the approved sitemap. Discovered via wordpress-sitemap,wordpress-rest,firecrawl-map. 528 words. Legacy markup: elementor-widget-wrap; elementor-widget-heading; elementor-widget-container; elementor-widget-text-editor; elementor-widget-video; elementor-widget-icon-list; elementor-widget-image; elementor-widget-button; elementor-widget-divider--view-line; elementor-widget-divider. Manual review: strategic page; redirect."
https://jackskeen.com/the-small-part-of-who-we-are/,The Small Part of Who We Are,post,2024-10-23T02:42:24,2024-10-23T03:04:54,Jack Skeen,Blog,,https://jackskeen.com/the-small-part-of-who-we-are/,The Small Part of Who We Are – Jack Skeen,,https://jackskeen.com/wp-content/uploads/2024/10/pherux_A_realistic_image_very_rich_man_surrounded_my_expensiv_a737f4c4-d63e-45cc-b5d7-43f44cae5710_0.png,200,article,Circle Blueprint,/the-small-part-of-who-we-are/,KEEP,"Preserve the existing root-level article URL. Discovered via wordpress-sitemap,wordpress-rest,firecrawl-map. 916 words. Manual review: substantial content / potential SEO value."
https://jackskeen.com/the-sub-factors-of-independence/,The Sub-Factors of Independence,post,2019-05-01T09:00:21,2019-05-01T09:00:21,Jack Skeen,Blog,Company Improvement | Executive Leadership Development | Human Resource Professional Development | Improving Employee Satisfaction | Increasing Return on Employee Investment | Leadership Coaching | Life Coach | Personal Growth Coach | Professional development | Reducing Turnover within my company | Self Help,https://jackskeen.com/the-sub-factors-of-independence/,The Sub-Factors of Independence – Jack Skeen,,,200,article,Circle Blueprint,/the-sub-factors-of-independence/,KEEP,"Preserve the existing root-level article URL. Discovered via wordpress-sitemap,wordpress-rest,firecrawl-map. 393 words."
https://jackskeen.com/the-three-faces-of-drama/,The Three Faces of Drama,post,2021-10-31T13:17:41,2021-10-31T13:17:41,Jack Skeen,Blog,Executive Leadership Development | Leadership Coaching | Self Help,https://jackskeen.com/the-three-faces-of-drama/,The Three Faces of Drama – Jack Skeen,,,200,article,Personal Growth,/the-three-faces-of-drama/,KEEP,"Preserve the existing root-level article URL. Discovered via wordpress-sitemap,wordpress-rest,firecrawl-map. 412 words."
https://jackskeen.com/the-thriving-scale-a-first-step-to-greatness/,The Thriving Scale: A First Step to Greatness,post,2023-11-08T04:43:59,2023-11-08T14:52:12,Jack Skeen,Blog,Leadership Coaching | Life Coach | Professional development | Self Help,https://jackskeen.com/the-thriving-scale-a-first-step-to-greatness/,The Thriving Scale: A First Step to Greatness – Jack Skeen,,https://jackskeen.com/wp-content/uploads/2023/11/A-First-Step-to-Greatness.png,200,article,Success & Fulfillment,/the-thriving-scale-a-first-step-to-greatness/,KEEP,"Preserve the existing root-level article URL. Discovered via wordpress-sitemap,wordpress-rest,firecrawl-map. 1022 words. Manual review: substantial content / potential SEO value."
https://jackskeen.com/the-universal-truth-of-happiness-a-journey-within/,The Universal Truth of Happiness: A Journey Within,post,2023-12-21T03:58:29,2023-12-21T03:59:32,Jack Skeen,Blog,happiness | Life Coach | Self Help,https://jackskeen.com/the-universal-truth-of-happiness-a-journey-within/,The Universal Truth of Happiness: A Journey Within – Jack Skeen,,https://jackskeen.com/wp-content/uploads/2023/12/The-Universal-Truth-of-Happiness.png,200,article,Success & Fulfillment,/the-universal-truth-of-happiness-a-journey-within/,KEEP,"Preserve the existing root-level article URL. Discovered via wordpress-sitemap,wordpress-rest,firecrawl-map. 770 words."
https://jackskeen.com/thriving-scale-2/,Thriving Scale,post,2019-02-26T09:00:18,2023-08-30T23:08:55,Jack Skeen,Video,Company Improvement | Executive Leadership Development | Human Resource Professional Development | Improving Employee Satisfaction | Increasing Return on Employee Investment | Leadership Coaching | Life Coach | Personal Growth Coach | Professional development | Reducing Turnover within my company | Self Help,https://jackskeen.com/thriving-scale-2/,Thriving Scale – Jack Skeen,,,200,article,Success & Fulfillment,/thriving-scale-2/,UPDATE,"Preserve the article URL but review thin content before launch. Discovered via wordpress-sitemap,wordpress-rest,firecrawl-map. 66 words."
https://jackskeen.com/type/video/,Videos,format archive,,,,,,https://jackskeen.com/type/video/,Video – Jack Skeen,,,200,redirect only,,/insights/videos,REDIRECT,"Equivalent route exists in the approved sitemap. Discovered via wordpress-sitemap,firecrawl-map. 127 words. Manual review: redirect."
https://jackskeen.com/wear-your-life-scars-with-honor/,Wear Your Life Scars With Honor,post,2024-06-07T13:17:00,2024-06-07T13:22:07,Jack Skeen,Blog,Leadership Coaching | Personal Growth Coach | Self Help,https://jackskeen.com/wear-your-life-scars-with-honor/,Wear Your Life Scars With Honor – Jack Skeen,,https://jackskeen.com/wp-content/uploads/2024/06/pherux_open_shot_cinematic_photo_of_an_old_veteran_in_uniform_e4c23c50-9a7c-4d85-85c4-baaaca265986_3.png,200,article,Reflections,/wear-your-life-scars-with-honor/,KEEP,"Preserve the existing root-level article URL. Discovered via wordpress-sitemap,wordpress-rest,firecrawl-map. 1119 words. Manual review: substantial content / potential SEO value."
https://jackskeen.com/what-do-you-want/,What Do You Want?,post,2023-10-24T23:38:05,2023-10-25T13:00:02,Jack Skeen,Blog,Leadership Coaching | Life Coach | Self Help,https://jackskeen.com/what-do-you-want/,What Do You Want? – Jack Skeen,,https://jackskeen.com/wp-content/uploads/2023/10/What-Do-You-Want.png,200,article,Purpose,/what-do-you-want/,KEEP,"Preserve the existing root-level article URL. Discovered via wordpress-sitemap,wordpress-rest,firecrawl-map. 643 words."
https://jackskeen.com/what-gets-you-out-of-bed-in-the-morning/,What gets you out of bed in the morning?,post,2024-07-02T13:36:33,2024-07-11T12:45:47,Jack Skeen,Blog,,https://jackskeen.com/what-gets-you-out-of-bed-in-the-morning/,What gets you out of bed in the morning? – Jack Skeen,,https://jackskeen.com/wp-content/uploads/2024/07/pherux_A_realistic_photo_capturing_a_happy_man_looking_a_play_10c375b0-dc22-4fca-be9a-d25102a04249_3.png,200,article,Purpose,/what-gets-you-out-of-bed-in-the-morning/,KEEP,"Preserve the existing root-level article URL. Discovered via wordpress-sitemap,wordpress-rest,firecrawl-map. 774 words."
https://jackskeen.com/what-is-civility/,Civility in Chaos,post,2020-03-24T21:13:07,2020-03-24T21:13:07,Jack Skeen,Blog,Civility | community | leadership,https://jackskeen.com/what-is-civility/,Civility in Chaos – Jack Skeen,,,200,article,Relationships,/what-is-civility/,KEEP,"Preserve the existing root-level article URL. Discovered via wordpress-sitemap,wordpress-rest,firecrawl-map. 394 words."
https://jackskeen.com/what-is-the-line/,What is “The Line”?,post,2021-06-27T13:28:45,2021-06-27T13:28:45,Jack Skeen,Blog,Company Improvement | Executive Leadership Development | Life Coach,https://jackskeen.com/what-is-the-line/,What is “The Line”? – Jack Skeen,,,200,article,Personal Growth,/what-is-the-line/,KEEP,"Preserve the existing root-level article URL. Discovered via wordpress-sitemap,wordpress-rest,firecrawl-map. 386 words."
https://jackskeen.com/what-is-your-circle/,What is Your Circle,post,2019-02-27T09:00:56,2023-08-31T17:22:27,Jack Skeen,Blog,Company Improvement | Executive Leadership Development | Human Resource Professional Development | Improving Employee Satisfaction | Increasing Return on Employee Investment | Leadership Coaching | Life Coach | Personal Growth Coach | Professional development | Reducing Turnover within my company | Self Help,https://jackskeen.com/what-is-your-circle/,What is Your Circle – Jack Skeen,,https://jackskeen.com/wp-content/uploads/2019/02/video4.jpg,200,article,Circle Blueprint,/what-is-your-circle/,KEEP,"Preserve the existing root-level article URL. Discovered via wordpress-sitemap,wordpress-rest,firecrawl-map. 374 words."
https://jackskeen.com/what-is-your-happiness-strategy/,What is Your Happiness Strategy?,post,2024-01-05T15:15:02,2024-01-05T15:15:03,Jack Skeen,Blog,happiness,https://jackskeen.com/what-is-your-happiness-strategy/,What is Your Happiness Strategy? – Jack Skeen,,https://jackskeen.com/wp-content/uploads/2024/01/What-is-Your-Happiness-Strategy.png,200,article,Success & Fulfillment,/what-is-your-happiness-strategy/,KEEP,"Preserve the existing root-level article URL. Discovered via wordpress-sitemap,wordpress-rest,firecrawl-map. 850 words."
https://jackskeen.com/what-kind-of-coach-do-you-need/,What Kind of Coach Do You Need?,post,2021-03-09T13:38:29,2021-03-09T13:38:29,Jack Skeen,Blog,Leadership Coaching | Personal Growth Coach,https://jackskeen.com/what-kind-of-coach-do-you-need/,What Kind of Coach Do You Need? – Jack Skeen,,,200,article,Personal Growth,/what-kind-of-coach-do-you-need/,KEEP,"Preserve the existing root-level article URL. Discovered via wordpress-sitemap,wordpress-rest,firecrawl-map. 289 words."
https://jackskeen.com/what-really-matters-to-you/,What Really Matters to You?,post,2022-04-22T12:58:14,2022-04-22T12:58:14,Jack Skeen,Blog,Executive Leadership Development | Professional development,https://jackskeen.com/what-really-matters-to-you/,What Really Matters to You? – Jack Skeen,,,200,article,Purpose,/what-really-matters-to-you/,KEEP,"Preserve the existing root-level article URL. Discovered via wordpress-sitemap,wordpress-rest,firecrawl-map. 284 words."
https://jackskeen.com/what-the-dying-can-teach-us-about-living/,What the Dying Can Teach Us About Living,post,2024-11-21T15:00:36,2024-11-21T15:25:31,Jack Skeen,Blog,,https://jackskeen.com/what-the-dying-can-teach-us-about-living/,What the Dying Can Teach Us About Living – Jack Skeen,,https://jackskeen.com/wp-content/uploads/2024/11/925ac1a5-45cf-413a-bb58-7dd603d2d9e2.jpeg,200,article,Reflections,/what-the-dying-can-teach-us-about-living/,KEEP,"Preserve the existing root-level article URL. Discovered via wordpress-sitemap,wordpress-rest,firecrawl-map. 609 words."
https://jackskeen.com/whats-in-your-circle-2/,What’s in Your Circle?,post,2022-06-18T12:27:21,2022-06-18T12:27:21,Jack Skeen,Blog,Company Improvement | Executive Leadership Development | Leadership Coaching,https://jackskeen.com/whats-in-your-circle-2/,What’s in Your Circle? – Jack Skeen,,,200,article,Circle Blueprint,/whats-in-your-circle-2/,KEEP,"Preserve the existing root-level article URL. Discovered via wordpress-sitemap,wordpress-rest,firecrawl-map. 458 words. Manual review: title/slug collision."
https://jackskeen.com/whats-in-your-circle/,What’s in Your Circle?,post,2019-01-19T09:00:50,2023-08-30T23:10:37,Jack Skeen,Video,,https://jackskeen.com/whats-in-your-circle/,What’s in Your Circle? – Jack Skeen,,,200,article,Circle Blueprint,/whats-in-your-circle/,UPDATE,"Preserve the article URL but review thin content before launch. Discovered via wordpress-sitemap,wordpress-rest,firecrawl-map. 45 words. Manual review: title/slug collision."
https://jackskeen.com/why-i-wrote-the-circle-blueprint/,Why I wrote The Circle Blueprint,post,2019-02-06T09:30:37,2019-02-06T09:30:37,Jack Skeen,Blog,Company Improvement | Development Reducing Turnover within my company | Executive Leadership Development | Human Resource Professional | Improving Employee Satisfaction | Increasing Return on Employee Investment | Leadership Coaching | Life Coach | Personal Growth Coach | Professional development | Self Help,https://jackskeen.com/why-i-wrote-the-circle-blueprint/,Why I wrote The Circle Blueprint – Jack Skeen,,,200,article,Circle Blueprint,/why-i-wrote-the-circle-blueprint/,KEEP,"Preserve the existing root-level article URL. Discovered via wordpress-sitemap,wordpress-rest,firecrawl-map. 409 words."
https://jackskeen.com/wont-you-be-my-neighbor/,Won’t You Be My Neighbor?,post,2019-12-04T21:58:21,2019-12-04T21:58:21,Jack Skeen,Blog,Civility | neighbor. Fred Rogers,https://jackskeen.com/wont-you-be-my-neighbor/,Won’t You Be My Neighbor? – Jack Skeen,,,200,article,Relationships,/wont-you-be-my-neighbor/,KEEP,"Preserve the existing root-level article URL. Discovered via wordpress-sitemap,wordpress-rest,firecrawl-map. 332 words."
https://jackskeen.com/wowthe-christmas-story/,Wow…The Christmas Story!,post,2021-12-18T13:49:42,2023-08-31T04:23:42,Jack Skeen,Blog,Executive Leadership Development | Spiritual Growth,https://jackskeen.com/wowthe-christmas-story/,Wow…The Christmas Story! – Jack Skeen,,https://jackskeen.com/wp-content/uploads/2023/08/qtq80-NzkGPI.jpeg,200,article,Reflections,/wowthe-christmas-story/,KEEP,"Preserve the existing root-level article URL. Discovered via wordpress-sitemap,wordpress-rest,firecrawl-map. 368 words."
https://jackskeen.com/wp-content/uploads/2024/02/JSkeen-Speaker-One-Sheet.pdf,,document,,,,,,https://jackskeen.com/wp-content/uploads/2024/02/JSkeen-Speaker-One-Sheet.pdf,,,,200,document,,/wp-content/uploads/2024/02/JSkeen-Speaker-One-Sheet.pdf,UPDATE,Preserve the public asset URL until backlink and usage data are reviewed. Discovered via firecrawl-map. No readable body text detected.
https://jackskeen.com/your-free-coach/,Your Free Coach,post,2021-01-13T14:43:07,2023-08-31T04:23:01,Jack Skeen,Blog,Executive Leadership Development | Leadership Coaching | Personal Growth Coach,https://jackskeen.com/your-free-coach/,Your Free Coach – Jack Skeen,,https://jackskeen.com/wp-content/uploads/2023/08/qtq80-pqBwO8.jpeg,200,article,Personal Growth,/your-free-coach/,UPDATE,"Preserve the article URL but review thin content before launch. Discovered via wordpress-sitemap,wordpress-rest,firecrawl-map. 140 words."
https://jackskeen.com/your-personal-development-plan/,Your Personal Development Plan,post,2021-06-01T11:47:14,2023-08-31T04:21:55,Jack Skeen,Blog,Executive Leadership Development | Leadership Coaching | Personal Growth Coach,https://jackskeen.com/your-personal-development-plan/,Your Personal Development Plan – Jack Skeen,,https://jackskeen.com/wp-content/uploads/2023/08/qtq80-IZrfOp.jpeg,200,article,Personal Growth,/your-personal-development-plan/,KEEP,"Preserve the existing root-level article URL. Discovered via wordpress-sitemap,wordpress-rest,firecrawl-map. 320 words."
